product_id,product_name,category_id,base_price_kop
1,"Молоко 2,5% «Белый берег»",1,9290
2,"Молоко 2,5% «Белый берег» премиум",1,7090
3,"Молоко 2,5% «Белый берег» эконом",1,6190
4,"Молоко 2,5% «Вкусная полка»",1,6990
5,"Молоко 2,5% «Вкусная полка» большая упаковка",1,8490
6,"Молоко 2,5% «Вкусная полка» мини",1,13090
7,"Молоко 2,5% «Дары Сибири» большая упаковка",1,5990
8,"Молоко 2,5% «Дары Сибири» эконом",1,9590
9,"Молоко 2,5% «Добрый край» мини",1,7990
10,"Молоко 2,5% «Лугово»",1,8490
11,"Молоко 2,5% «Лугово» мини",1,13490
12,"Молоко 2,5% «Лугово» премиум",1,11490
13,"Молоко 2,5% «Отборное» эконом",1,15190
14,"Молоко 2,5% «Парма»",1,8990
15,"Молоко 2,5% «Парма» мини",1,7390
16,"Молоко 2,5% «Премиум Лайн» премиум",1,8790
17,"Молоко 2,5% «Родные просторы» большая упаковка",1,10290
18,"Молоко 2,5% «Своё»",1,10090
19,"Молоко 2,5% «Семейный выбор»",1,6490
20,"Молоко 2,5% «Семейный выбор» эконом",1,9790
21,"Молоко 2,5% «Солнечный день» премиум",1,10290
22,"Молоко 2,5% «Уральские зори»",1,22890
23,"Молоко 2,5% «Уральские зори» большая упаковка",1,18290
24,"Молоко 2,5% «Утро»",1,6990
25,"Молоко 2,5% «Экономыч»",1,8590
26,"Молоко 2,5% «Экономыч» большая упаковка",1,5690
27,"Молоко 2,5% «Экономыч» фермерский",1,7690
28,"Молоко 3,2% «Белый берег» эконом",1,10590
29,"Молоко 3,2% «Вкусная полка» премиум",1,14490
30,"Молоко 3,2% «Дары Сибири» фермерский",1,7390
31,"Молоко 3,2% «Золотая нива»",1,7590
32,"Молоко 3,2% «Золотая нива» мини",1,4490
33,"Молоко 3,2% «Золотая нива» премиум",1,8990
34,"Молоко 3,2% «Золотая нива» фермерский",1,6490
35,"Молоко 3,2% «Кама» премиум",1,7890
36,"Молоко 3,2% «Кама» эконом",1,6990
37,"Молоко 3,2% «Лугово»",1,9190
38,"Молоко 3,2% «Лугово» мини",1,5090
39,"Молоко 3,2% «Мегаполис»",1,5690
40,"Молоко 3,2% «Отборное» фермерский",1,19990
41,"Молоко 3,2% «Премиум Лайн»",1,6090
42,"Молоко 3,2% «Премиум Лайн» большая упаковка",1,6490
43,"Молоко 3,2% «Северная ферма»",1,18090
44,"Молоко 3,2% «Утро»",1,26290
45,"Молоко 3,2% «Утро» большая упаковка",1,6290
46,"Молоко 3,2% «Экономыч»",1,8390
47,Молоко топлёное «Белый берег» премиум,1,10690
48,Молоко топлёное «Белый берег» эконом,1,17390
49,Молоко топлёное «Вкусная полка» мини,1,6690
50,Молоко топлёное «Вкусная полка» фермерский,1,8690
51,Молоко топлёное «Дары Сибири»,1,12490
52,Молоко топлёное «Кама»,1,11090
53,Молоко топлёное «Кама» мини,1,8290
54,Молоко топлёное «Кама» фермерский,1,9090
55,Молоко топлёное «Лугово»,1,5890
56,Молоко топлёное «Лугово» фермерский,1,8690
57,Молоко топлёное «Мегаполис»,1,8690
58,Молоко топлёное «Мегаполис» большая упаковка,1,10290
59,Молоко топлёное «Отборное»,1,7790
60,Молоко топлёное «Отборное» фермерский,1,11190
61,Молоко топлёное «Отборное» эконом,1,13490
62,Молоко топлёное «Парма»,1,9990
63,Молоко топлёное «Парма» премиум,1,10690
64,Молоко топлёное «Приволжье» фермерский,1,9690
65,Молоко топлёное «Своё»,1,9490
66,Молоко топлёное «Северная ферма» большая упаковка,1,7390
67,Молоко топлёное «Семейный выбор»,1,10590
68,Молоко топлёное «Семейный выбор» эконом,1,9190
69,Молоко топлёное «Солнечный день» фермерский,1,19790
70,Молоко топлёное «Уральские зори» эконом,1,16490
71,Молоко топлёное «Утро» фермерский,1,10890
72,Молоко топлёное «Экономыч»,1,7290
73,Сливки 10% «Вкусная полка»,1,6390
74,Сливки 10% «Вкусная полка» фермерский,1,14390
75,Сливки 10% «Дары Сибири» фермерский,1,10390
76,Сливки 10% «Дары Сибири» эконом,1,11190
77,Сливки 10% «Золотая нива» эконом,1,5190
78,Сливки 10% «Кама» фермерский,1,13090
79,Сливки 10% «Отборное»,1,11090
80,Сливки 10% «Отборное» эконом,1,6390
81,Сливки 10% «Парма»,1,8090
82,Сливки 10% «Парма» премиум,1,10390
83,Сливки 10% «Премиум Лайн»,1,9690
84,Сливки 10% «Премиум Лайн» мини,1,8590
85,Сливки 10% «Приволжье» мини,1,9190
86,Сливки 10% «Приволжье» эконом,1,8690
87,Сливки 10% «Своё» эконом,1,9990
88,Сливки 10% «Семейный выбор» эконом,1,15890
89,Сливки 10% «Солнечный день»,1,3890
90,Сливки 10% «Солнечный день» премиум,1,8690
91,Сливки 10% «Экономыч» большая упаковка,1,10090
92,Сливки 10% «Экономыч» мини,1,10490
93,Сливки 20% «Вкусная полка» большая упаковка,1,8290
94,Сливки 20% «Вкусная полка» мини,1,5090
95,Сливки 20% «Дары Сибири»,1,10690
96,Сливки 20% «Добрый край» эконом,1,17390
97,Сливки 20% «Золотая нива»,1,5590
98,Сливки 20% «Кама»,1,12890
99,Сливки 20% «Кама» мини,1,8490
100,Сливки 20% «Кама» премиум,1,9290
101,Сливки 20% «Лугово» премиум,1,6590
102,Сливки 20% «Лугово» фермерский,1,8490
103,Сливки 20% «Мегаполис»,1,14990
104,Сливки 20% «Отборное»,1,11590
105,Сливки 20% «Парма»,1,17390
106,Сливки 20% «Премиум Лайн»,1,14290
107,Сливки 20% «Приволжье» большая упаковка,1,11090
108,Сливки 20% «Приволжье» фермерский,1,17490
109,Сливки 20% «Приволжье» эконом,1,11090
110,Сливки 20% «Родные просторы»,1,12690
111,Сливки 20% «Своё»,1,8590
112,Сливки 20% «Северная ферма»,1,9690
113,Сливки 20% «Северная ферма» фермерский,1,7390
114,Сливки 20% «Семейный выбор»,1,13390
115,Сливки 20% «Солнечный день»,1,6290
116,Сливки 20% «Солнечный день» мини,1,12490
117,Сливки 20% «Уральские зори» большая упаковка,1,8890
118,Сливки 20% «Уральские зори» мини,1,14290
119,Сливки 20% «Утро»,1,12390
120,Сливки 20% «Экономыч» мини,1,17990
121,Айран «Белый берег» фермерский,2,8290
122,Айран «Дары Сибири»,2,7990
123,Айран «Дары Сибири» большая упаковка,2,6490
124,Айран «Дары Сибири» премиум,2,9890
125,Айран «Дары Сибири» фермерский,2,6290
126,Айран «Добрый край»,2,10690
127,Айран «Золотая нива» мини,2,12390
128,Айран «Кама»,2,9690
129,Айран «Лугово»,2,7690
130,Айран «Премиум Лайн»,2,9990
131,Айран «Приволжье»,2,7590
132,Айран «Приволжье» эконом,2,11790
133,Айран «Родные просторы»,2,4490
134,Айран «Своё»,2,7590
135,Айран «Северная ферма»,2,4190
136,Айран «Северная ферма» эконом,2,4990
137,Айран «Уральские зори»,2,13690
138,Айран «Уральские зори» фермерский,2,11590
139,Айран «Экономыч» мини,2,6590
140,Йогурт питьевой «Белый берег»,2,4990
141,Йогурт питьевой «Белый берег» большая упаковка,2,2990
142,Йогурт питьевой «Белый берег» мини,2,6990
143,Йогурт питьевой «Добрый край» фермерский,2,19790
144,Йогурт питьевой «Золотая нива» мини,2,9890
145,Йогурт питьевой «Золотая нива» фермерский,2,6990
146,Йогурт питьевой «Кама»,2,9990
147,Йогурт питьевой «Кама» премиум,2,4890
148,Йогурт питьевой «Кама» фермерский,2,7690
149,Йогурт питьевой «Мегаполис»,2,8790
150,Йогурт питьевой «Отборное» большая упаковка,2,8190
151,Йогурт питьевой «Отборное» мини,2,11190
152,Йогурт питьевой «Отборное» фермерский,2,9590
153,Йогурт питьевой «Парма» премиум,2,10690
154,Йогурт питьевой «Родные просторы» эконом,2,6690
155,Йогурт питьевой «Северная ферма» большая упаковка,2,11590
156,Йогурт питьевой «Семейный выбор» премиум,2,14990
157,Йогурт питьевой «Утро» эконом,2,6090
158,Кефир 1% «Белый берег» большая упаковка,2,6190
159,Кефир 1% «Белый берег» премиум,2,13590
160,Кефир 1% «Дары Сибири»,2,7890
161,Кефир 1% «Добрый край» большая упаковка,2,13890
162,Кефир 1% «Добрый край» мини,2,7290
163,Кефир 1% «Добрый край» фермерский,2,14090
164,Кефир 1% «Золотая нива»,2,8890
165,Кефир 1% «Золотая нива» премиум,2,9290
166,Кефир 1% «Кама» фермерский,2,14690
167,Кефир 1% «Лугово»,2,7490
168,Кефир 1% «Лугово» мини,2,6090
169,Кефир 1% «Лугово» фермерский,2,7290
170,Кефир 1% «Мегаполис» эконом,2,9990
171,Кефир 1% «Парма» премиум,2,4890
172,Кефир 1% «Парма» эконом,2,10590
173,Кефир 1% «Приволжье» большая упаковка,2,6990
174,Кефир 1% «Родные просторы» фермерский,2,12690
175,Кефир 1% «Северная ферма»,2,3690
176,Кефир 1% «Солнечный день» большая упаковка,2,6490
177,Кефир 1% «Уральские зори» мини,2,4690
178,Кефир 1% «Уральские зори» эконом,2,6390
179,Кефир 1% «Экономыч»,2,9290
180,"Кефир 3,2% «Белый берег» премиум",2,7990
181,"Кефир 3,2% «Вкусная полка»",2,7790
182,"Кефир 3,2% «Дары Сибири» фермерский",2,7990
183,"Кефир 3,2% «Добрый край» большая упаковка",2,9090
184,"Кефир 3,2% «Золотая нива» мини",2,5990
185,"Кефир 3,2% «Кама»",2,10890
186,"Кефир 3,2% «Кама» большая упаковка",2,10690
187,"Кефир 3,2% «Премиум Лайн» мини",2,9690
188,"Кефир 3,2% «Премиум Лайн» фермерский",2,10290
189,"Кефир 3,2% «Приволжье»",2,9390
190,"Кефир 3,2% «Родные просторы» большая упаковка",2,17290
191,"Кефир 3,2% «Своё» фермерский",2,8190
192,"Кефир 3,2% «Северная ферма» премиум",2,7590
193,"Кефир 3,2% «Семейный выбор»",2,6490
194,"Кефир 3,2% «Солнечный день» премиум",2,5890
195,"Кефир 3,2% «Утро» мини",2,5490
196,Ряженка «Вкусная полка»,2,6190
197,Ряженка «Вкусная полка» фермерский,2,8290
198,Ряженка «Золотая нива» большая упаковка,2,9590
199,Ряженка «Приволжье»,2,8690
200,Ряженка «Приволжье» эконом,2,6490
201,Ряженка «Своё»,2,11590
202,Ряженка «Своё» большая упаковка,2,10990
203,Ряженка «Солнечный день»,2,7990
204,Ряженка «Солнечный день» фермерский,2,6790
205,Ряженка «Солнечный день» эконом,2,10290
206,Ряженка «Экономыч» большая упаковка,2,9090
207,Снежок «Вкусная полка» большая упаковка,2,5090
208,Снежок «Дары Сибири» большая упаковка,2,8290
209,Снежок «Добрый край»,2,9290
210,Снежок «Добрый край» мини,2,6190
211,Снежок «Мегаполис» фермерский,2,9090
212,Снежок «Отборное»,2,5090
213,Снежок «Парма»,2,13590
214,Снежок «Парма» большая упаковка,2,13190
215,Снежок «Премиум Лайн»,2,7790
216,Снежок «Премиум Лайн» большая упаковка,2,9690
217,Снежок «Премиум Лайн» мини,2,3690
218,Снежок «Солнечный день» премиум,2,5690
219,Снежок «Солнечный день» эконом,2,7690
220,Снежок «Утро» мини,2,5790
221,Снежок «Утро» премиум,2,10890
222,Снежок «Экономыч»,2,17090
223,Сыр Гауда «Вкусная полка»,3,18990
224,Сыр Гауда «Дары Сибири» большая упаковка,3,23190
225,Сыр Гауда «Дары Сибири» мини,3,53390
226,Сыр Гауда «Добрый край» большая упаковка,3,35290
227,Сыр Гауда «Кама»,3,41890
228,Сыр Гауда «Кама» мини,3,21490
229,Сыр Гауда «Кама» фермерский,3,21590
230,Сыр Гауда «Мегаполис»,3,37390
231,Сыр Гауда «Мегаполис» мини,3,32690
232,Сыр Гауда «Приволжье»,3,38790
233,Сыр Гауда «Приволжье» мини,3,29990
234,Сыр Гауда «Северная ферма»,3,35290
235,Сыр Гауда «Северная ферма» большая упаковка,3,33790
236,Сыр Гауда «Семейный выбор» большая упаковка,3,41990
237,Сыр Гауда «Уральские зори»,3,42390
238,Сыр Гауда «Утро» эконом,3,18190
239,Сыр Гауда «Экономыч»,3,14590
240,Сыр Гауда «Экономыч» большая упаковка,3,45390
241,Сыр Моцарелла «Белый берег»,3,48490
242,Сыр Моцарелла «Белый берег» премиум,3,22390
243,Сыр Моцарелла «Вкусная полка»,3,16690
244,Сыр Моцарелла «Вкусная полка» премиум,3,33090
245,Сыр Моцарелла «Дары Сибири» мини,3,44290
246,Сыр Моцарелла «Добрый край» мини,3,59990
247,Сыр Моцарелла «Добрый край» премиум,3,38290
248,Сыр Моцарелла «Золотая нива»,3,28090
249,Сыр Моцарелла «Золотая нива» эконом,3,23390
250,Сыр Моцарелла «Лугово» большая упаковка,3,32090
251,Сыр Моцарелла «Лугово» эконом,3,28790
252,Сыр Моцарелла «Мегаполис»,3,22390
253,Сыр Моцарелла «Мегаполис» премиум,3,65490
254,Сыр Моцарелла «Мегаполис» фермерский,3,59790
255,Сыр Моцарелла «Родные просторы»,3,47590
256,Сыр Моцарелла «Своё» премиум,3,23190
257,Сыр Моцарелла «Северная ферма»,3,43190
258,Сыр Моцарелла «Северная ферма» премиум,3,39990
259,Сыр Моцарелла «Северная ферма» фермерский,3,37390
260,Сыр Моцарелла «Семейный выбор»,3,49590
261,Сыр Моцарелла «Семейный выбор» премиум,3,39990
262,Сыр Моцарелла «Семейный выбор» фермерский,3,41490
263,Сыр Моцарелла «Уральские зори»,3,39990
264,Сыр Моцарелла «Утро»,3,36090
265,Сыр Российский «Белый берег»,3,17090
266,Сыр Российский «Добрый край»,3,32990
267,Сыр Российский «Золотая нива»,3,26290
268,Сыр Российский «Лугово»,3,20390
269,Сыр Российский «Мегаполис»,3,57590
270,Сыр Российский «Мегаполис» эконом,3,58590
271,Сыр Российский «Парма»,3,51490
272,Сыр Российский «Родные просторы» премиум,3,34990
273,Сыр Российский «Родные просторы» эконом,3,51290
274,Сыр Российский «Уральские зори» большая упаковка,3,32090
275,Сыр Сулугуни «Белый берег»,3,34390
276,Сыр Сулугуни «Золотая нива» мини,3,21790
277,Сыр Сулугуни «Кама» премиум,3,36790
278,Сыр Сулугуни «Кама» фермерский,3,32690
279,Сыр Сулугуни «Отборное» мини,3,20290
280,Сыр Сулугуни «Отборное» эконом,3,31390
281,Сыр Сулугуни «Парма» фермерский,3,31090
282,Сыр Сулугуни «Премиум Лайн»,3,59990
283,Сыр Сулугуни «Премиум Лайн» мини,3,43790
284,Сыр Сулугуни «Своё» фермерский,3,32090
285,Сыр Сулугуни «Северная ферма»,3,34890
286,Сыр Сулугуни «Северная ферма» фермерский,3,32490
287,Сыр Сулугуни «Семейный выбор»,3,29790
288,Сыр Сулугуни «Семейный выбор» мини,3,21890
289,Сыр Сулугуни «Уральские зори»,3,30390
290,Сыр Сулугуни «Экономыч» мини,3,24590
291,Сыр Сулугуни «Экономыч» премиум,3,20690
292,Сыр плавленый «Дары Сибири» большая упаковка,3,38290
293,Сыр плавленый «Золотая нива» фермерский,3,36690
294,Сыр плавленый «Кама»,3,17090
295,Сыр плавленый «Лугово» премиум,3,30690
296,Сыр плавленый «Лугово» фермерский,3,45290
297,Сыр плавленый «Отборное» эконом,3,46390
298,Сыр плавленый «Парма»,3,45790
299,Сыр плавленый «Приволжье» премиум,3,32390
300,Сыр плавленый «Родные просторы»,3,23790
301,Сыр плавленый «Своё»,3,21890
302,Сыр плавленый «Северная ферма»,3,36090
303,Сыр плавленый «Семейный выбор» мини,3,36490
304,Сыр плавленый «Солнечный день»,3,50190
305,Сыр плавленый «Утро» мини,3,46990
306,Сыр плавленый «Экономыч» эконом,3,30590
307,Сметана 15% «Вкусная полка»,4,11990
308,Сметана 15% «Дары Сибири» премиум,4,13790
309,Сметана 15% «Добрый край»,4,21090
310,Сметана 15% «Добрый край» мини,4,12590
311,Сметана 15% «Золотая нива»,4,8390
312,Сметана 15% «Кама»,4,11490
313,Сметана 15% «Кама» мини,4,11890
314,Сметана 15% «Лугово»,4,7390
315,Сметана 15% «Мегаполис»,4,10990
316,Сметана 15% «Отборное»,4,9290
317,Сметана 15% «Парма» большая упаковка,4,16590
318,Сметана 15% «Приволжье»,4,12090
319,Сметана 15% «Родные просторы»,4,10890
320,Сметана 15% «Северная ферма»,4,11590
321,Сметана 15% «Солнечный день»,4,12990
322,Сметана 15% «Солнечный день» большая упаковка,4,14890
323,Сметана 15% «Уральские зори»,4,8490
324,Сметана 15% «Уральские зори» фермерский,4,8290
325,Сметана 15% «Утро»,4,17690
326,Сметана 15% «Утро» премиум,4,10390
327,Сметана 20% «Белый берег» большая упаковка,4,7290
328,Сметана 20% «Белый берег» мини,4,13990
329,Сметана 20% «Белый берег» эконом,4,14090
330,Сметана 20% «Вкусная полка» фермерский,4,6990
331,Сметана 20% «Кама»,4,12990
332,Сметана 20% «Отборное»,4,15490
333,Сметана 20% «Премиум Лайн» мини,4,13690
334,Сметана 20% «Родные просторы» эконом,4,14990
335,Сметана 20% «Своё»,4,7290
336,Сметана 20% «Семейный выбор»,4,13490
337,Сметана 20% «Семейный выбор» большая упаковка,4,10790
338,Сметана 20% «Экономыч» большая упаковка,4,10090
339,Сметана 20% «Экономыч» премиум,4,16290
340,Творог 5% «Белый берег» мини,4,20090
341,Творог 5% «Вкусная полка»,4,22490
342,Творог 5% «Дары Сибири»,4,18990
343,Творог 5% «Золотая нива»,4,11490
344,Творог 5% «Золотая нива» большая упаковка,4,13590
345,Творог 5% «Кама» премиум,4,15690
346,Творог 5% «Лугово» мини,4,12490
347,Творог 5% «Лугово» фермерский,4,12590
348,Творог 5% «Мегаполис»,4,15990
349,Творог 5% «Парма»,4,11790
350,Творог 5% «Парма» премиум,4,9290
351,Творог 5% «Приволжье» премиум,4,10390
352,Творог 5% «Приволжье» фермерский,4,14990
353,Творог 5% «Родные просторы»,4,11990
354,Творог 5% «Родные просторы» фермерский,4,13490
355,Творог 5% «Северная ферма» мини,4,15190
356,Творог 5% «Северная ферма» премиум,4,10490
357,Творог 5% «Семейный выбор»,4,15590
358,Творог 5% «Семейный выбор» мини,4,13690
359,Творог 5% «Уральские зори» фермерский,4,7790
360,Творог 5% «Утро» фермерский,4,19890
361,Творог 9% «Белый берег»,4,10090
362,Творог 9% «Вкусная полка» эконом,4,6690
363,Творог 9% «Дары Сибири»,4,8290
364,Творог 9% «Кама»,4,8390
365,Творог 9% «Кама» эконом,4,12190
366,Творог 9% «Лугово»,4,10890
367,Творог 9% «Отборное» премиум,4,10690
368,Творог 9% «Парма» фермерский,4,14890
369,Творог 9% «Премиум Лайн» премиум,4,13490
370,Творог 9% «Приволжье»,4,13390
371,Творог 9% «Приволжье» мини,4,13890
372,Творог 9% «Родные просторы» большая упаковка,4,14890
373,Творог 9% «Своё»,4,5690
374,Творог 9% «Северная ферма» премиум,4,10590
375,Творог 9% «Семейный выбор» мини,4,5590
376,Творог 9% «Уральские зори»,4,12190
377,Творог 9% «Экономыч»,4,11990
378,Творог 9% «Экономыч» большая упаковка,4,17290
379,Творог 9% «Экономыч» мини,4,18190
380,Творожная масса «Белый берег» мини,4,12890
381,Творожная масса «Вкусная полка» мини,4,10090
382,Творожная масса «Дары Сибири» премиум,4,14190
383,Творожная масса «Добрый край» фермерский,4,9990
384,Творожная масса «Золотая нива» мини,4,11990
385,Творожная масса «Кама»,4,16890
386,Творожная масса «Мегаполис» фермерский,4,9890
387,Творожная масса «Отборное»,4,15890
388,Творожная масса «Отборное» премиум,4,15190
389,Творожная масса «Отборное» эконом,4,8590
390,Творожная масса «Парма» премиум,4,16890
391,Творожная масса «Парма» фермерский,4,15290
392,Творожная масса «Премиум Лайн»,4,12390
393,Творожная масса «Премиум Лайн» мини,4,9190
394,Творожная масса «Родные просторы»,4,8890
395,Творожная масса «Родные просторы» эконом,4,9890
396,Творожная масса «Семейный выбор»,4,14490
397,Творожная масса «Уральские зори»,4,8590
398,Творожная масса «Уральские зори» фермерский,4,13990
399,Творожная масса «Экономыч» фермерский,4,7790
400,Маргарин «Белый берег»,5,12490
401,Маргарин «Белый берег» фермерский,5,16690
402,Маргарин «Вкусная полка»,5,17390
403,Маргарин «Вкусная полка» мини,5,11190
404,Маргарин «Дары Сибири»,5,13490
405,Маргарин «Добрый край»,5,14090
406,Маргарин «Золотая нива»,5,44890
407,Маргарин «Золотая нива» премиум,5,35690
408,Маргарин «Лугово»,5,16490
409,Маргарин «Лугово» фермерский,5,16690
410,Маргарин «Мегаполис» мини,5,12690
411,Маргарин «Парма»,5,9690
412,Маргарин «Премиум Лайн»,5,18190
413,Маргарин «Родные просторы»,5,13390
414,Маргарин «Своё»,5,18390
415,Маргарин «Северная ферма»,5,10890
416,Маргарин «Северная ферма» премиум,5,14590
417,Маргарин «Семейный выбор»,5,19990
418,Маргарин «Уральские зори» большая упаковка,5,21590
419,Маргарин «Уральские зори» мини,5,21990
420,Маргарин «Уральские зори» премиум,5,11990
421,Маргарин «Уральские зори» фермерский,5,25590
422,Маргарин «Утро» премиум,5,14390
423,"Масло сливочное 72,5% «Белый берег» фермерский",5,23690
424,"Масло сливочное 72,5% «Белый берег» эконом",5,18890
425,"Масло сливочное 72,5% «Вкусная полка»",5,11690
426,"Масло сливочное 72,5% «Вкусная полка» мини",5,16990
427,"Масло сливочное 72,5% «Золотая нива»",5,21590
428,"Масло сливочное 72,5% «Кама»",5,23490
429,"Масло сливочное 72,5% «Кама» фермерский",5,18090
430,"Масло сливочное 72,5% «Мегаполис»",5,32490
431,"Масло сливочное 72,5% «Отборное» эконом",5,26990
432,"Масло сливочное 72,5% «Парма»",5,17390
433,"Масло сливочное 72,5% «Парма» мини",5,24690
434,"Масло сливочное 72,5% «Парма» эконом",5,37390
435,"Масло сливочное 72,5% «Премиум Лайн» эконом",5,37690
436,"Масло сливочное 72,5% «Своё»",5,12390
437,"Масло сливочное 72,5% «Семейный выбор» большая упаковка",5,13690
438,"Масло сливочное 72,5% «Семейный выбор» мини",5,31890
439,"Масло сливочное 72,5% «Солнечный день»",5,13090
440,"Масло сливочное 72,5% «Уральские зори»",5,11990
441,"Масло сливочное 72,5% «Уральские зори» эконом",5,15990
442,"Масло сливочное 72,5% «Утро»",5,21990
443,"Масло сливочное 72,5% «Экономыч» премиум",5,18290
444,"Масло сливочное 82,5% «Белый берег» премиум",5,15090
445,"Масло сливочное 82,5% «Белый берег» эконом",5,14990
446,"Масло сливочное 82,5% «Дары Сибири»",5,14790
447,"Масло сливочное 82,5% «Добрый край» большая упаковка",5,13990
448,"Масло сливочное 82,5% «Кама»",5,42190
449,"Масло сливочное 82,5% «Кама» большая упаковка",5,21090
450,"Масло сливочное 82,5% «Лугово» мини",5,25890
451,"Масло сливочное 82,5% «Мегаполис»",5,15990
452,"Масло сливочное 82,5% «Мегаполис» большая упаковка",5,17790
453,"Масло сливочное 82,5% «Парма»",5,14790
454,"Масло сливочное 82,5% «Парма» большая упаковка",5,7490
455,"Масло сливочное 82,5% «Приволжье» большая упаковка",5,11690
456,Спред «Вкусная полка» мини,5,10090
457,Спред «Лугово»,5,8590
458,Спред «Лугово» эконом,5,12490
459,Спред «Приволжье»,5,30190
460,Спред «Приволжье» эконом,5,18690
461,Спред «Своё» эконом,5,29790
462,Спред «Солнечный день» мини,5,21890
463,Спред «Солнечный день» фермерский,5,24990
464,Спред «Утро» большая упаковка,5,13890
465,Спред «Экономыч»,5,22790
466,Яйцо куриное С0 «Вкусная полка»,6,14690
467,Яйцо куриное С0 «Вкусная полка» мини,6,10990
468,Яйцо куриное С0 «Вкусная полка» эконом,6,10490
469,Яйцо куриное С0 «Дары Сибири» премиум,6,10790
470,Яйцо куриное С0 «Добрый край»,6,11390
471,Яйцо куриное С0 «Добрый край» мини,6,10990
472,Яйцо куриное С0 «Золотая нива»,6,17190
473,Яйцо куриное С0 «Золотая нива» большая упаковка,6,6790
474,Яйцо куриное С0 «Золотая нива» мини,6,16890
475,Яйцо куриное С0 «Золотая нива» эконом,6,10890
476,Яйцо куриное С0 «Кама» эконом,6,14290
477,Яйцо куриное С0 «Парма» большая упаковка,6,8390
478,Яйцо куриное С0 «Парма» мини,6,19890
479,Яйцо куриное С0 «Приволжье»,6,19290
480,Яйцо куриное С0 «Родные просторы»,6,17490
481,Яйцо куриное С0 «Родные просторы» мини,6,7390
482,Яйцо куриное С0 «Родные просторы» фермерский,6,16690
483,Яйцо куриное С0 «Своё» большая упаковка,6,14390
484,Яйцо куриное С0 «Своё» фермерский,6,7090
485,Яйцо куриное С0 «Северная ферма»,6,12390
486,Яйцо куриное С0 «Северная ферма» премиум,6,14190
487,Яйцо куриное С0 «Семейный выбор»,6,15190
488,Яйцо куриное С0 «Семейный выбор» премиум,6,13290
489,Яйцо куриное С0 «Уральские зори»,6,13790
490,Яйцо куриное С0 «Уральские зори» эконом,6,20890
491,Яйцо куриное С0 «Утро» большая упаковка,6,19190
492,Яйцо куриное С0 «Утро» эконом,6,4590
493,Яйцо куриное С0 «Экономыч»,6,11190
494,Яйцо куриное С1 «Дары Сибири» большая упаковка,6,11790
495,Яйцо куриное С1 «Добрый край»,6,6790
496,Яйцо куриное С1 «Золотая нива»,6,12890
497,Яйцо куриное С1 «Кама»,6,19390
498,Яйцо куриное С1 «Мегаполис» премиум,6,8490
499,Яйцо куриное С1 «Отборное» большая упаковка,6,14090
500,Яйцо куриное С1 «Приволжье»,6,9090
501,Яйцо куриное С1 «Родные просторы» большая упаковка,6,9890
502,Яйцо куриное С1 «Родные просторы» премиум,6,20990
503,Яйцо куриное С1 «Своё» большая упаковка,6,10290
504,Яйцо куриное С1 «Северная ферма»,6,14690
505,Яйцо куриное С1 «Северная ферма» фермерский,6,6490
506,Яйцо куриное С1 «Солнечный день»,6,23990
507,Яйцо куриное С1 «Солнечный день» премиум,6,15390
508,Яйцо куриное С1 «Солнечный день» фермерский,6,11690
509,Яйцо куриное С1 «Солнечный день» эконом,6,15290
510,Яйцо куриное С1 «Экономыч» мини,6,7590
511,Яйцо куриное С1 «Экономыч» эконом,6,18890
512,Яйцо перепелиное «Белый берег»,6,11190
513,Яйцо перепелиное «Вкусная полка» мини,6,11590
514,Яйцо перепелиное «Вкусная полка» фермерский,6,10490
515,Яйцо перепелиное «Дары Сибири»,6,10190
516,Яйцо перепелиное «Дары Сибири» большая упаковка,6,15890
517,Яйцо перепелиное «Дары Сибири» фермерский,6,13690
518,Яйцо перепелиное «Добрый край»,6,15690
519,Яйцо перепелиное «Добрый край» премиум,6,12490
520,Яйцо перепелиное «Добрый край» эконом,6,14990
521,Яйцо перепелиное «Золотая нива» мини,6,10790
522,Яйцо перепелиное «Кама» мини,6,27290
523,Яйцо перепелиное «Мегаполис»,6,7190
524,Яйцо перепелиное «Мегаполис» большая упаковка,6,19390
525,Яйцо перепелиное «Мегаполис» премиум,6,20190
526,Яйцо перепелиное «Мегаполис» фермерский,6,9290
527,Яйцо перепелиное «Отборное» мини,6,27290
528,Яйцо перепелиное «Парма»,6,17690
529,Яйцо перепелиное «Парма» фермерский,6,17590
530,Яйцо перепелиное «Премиум Лайн»,6,12590
531,Яйцо перепелиное «Родные просторы»,6,11590
532,Яйцо перепелиное «Родные просторы» большая упаковка,6,11590
533,Яйцо перепелиное «Семейный выбор»,6,14290
534,Яйцо перепелиное «Семейный выбор» мини,6,20390
535,Яйцо перепелиное «Семейный выбор» эконом,6,13290
536,Яйцо перепелиное «Солнечный день» большая упаковка,6,9090
537,Яйцо перепелиное «Солнечный день» премиум,6,16690
538,Яйцо перепелиное «Уральские зори»,6,17290
539,Яйцо перепелиное «Уральские зори» мини,6,15690
540,Яйцо перепелиное «Утро» мини,6,16190
541,Баранина «Вкусная полка»,7,40290
542,Баранина «Добрый край» мини,7,68090
543,Баранина «Золотая нива»,7,68990
544,Баранина «Кама»,7,49390
545,Баранина «Кама» мини,7,45290
546,Баранина «Лугово»,7,54590
547,Баранина «Отборное»,7,39090
548,Баранина «Отборное» фермерский,7,34790
549,Баранина «Парма» большая упаковка,7,37390
550,Баранина «Премиум Лайн» эконом,7,41590
551,Баранина «Родные просторы» большая упаковка,7,34590
552,Баранина «Своё» большая упаковка,7,54990
553,Баранина «Северная ферма» мини,7,67090
554,Баранина «Северная ферма» эконом,7,29790
555,Баранина «Уральские зори» премиум,7,52490
556,Баранина «Утро» эконом,7,48090
557,Баранина «Экономыч» большая упаковка,7,58590
558,Говядина лопатка «Вкусная полка» эконом,7,51790
559,Говядина лопатка «Дары Сибири» большая упаковка,7,31290
560,Говядина лопатка «Кама» мини,7,33390
561,Говядина лопатка «Кама» эконом,7,52490
562,Говядина лопатка «Мегаполис»,7,74490
563,Говядина лопатка «Отборное» эконом,7,23990
564,Говядина лопатка «Парма»,7,58690
565,Говядина лопатка «Парма» эконом,7,78890
566,Говядина лопатка «Премиум Лайн»,7,49290
567,Говядина лопатка «Приволжье» эконом,7,62990
568,Говядина лопатка «Родные просторы» фермерский,7,40690
569,Говядина лопатка «Своё»,7,49890
570,Говядина лопатка «Семейный выбор» мини,7,29490
571,Говядина лопатка «Солнечный день»,7,22890
572,Свинина шейка «Дары Сибири»,7,72290
573,Свинина шейка «Добрый край» премиум,7,36790
574,Свинина шейка «Кама» мини,7,44290
575,Свинина шейка «Кама» эконом,7,31990
576,Свинина шейка «Отборное» большая упаковка,7,31690
577,Свинина шейка «Отборное» мини,7,48890
578,Свинина шейка «Отборное» фермерский,7,40290
579,Свинина шейка «Парма»,7,59390
580,Свинина шейка «Премиум Лайн» премиум,7,60890
581,Свинина шейка «Своё» мини,7,58190
582,Свинина шейка «Семейный выбор»,7,56490
583,Свинина шейка «Утро»,7,90290
584,Свинина шейка «Экономыч» мини,7,35790
585,Свиные рёбра «Белый берег» премиум,7,50990
586,Свиные рёбра «Вкусная полка» фермерский,7,77290
587,Свиные рёбра «Добрый край» большая упаковка,7,80990
588,Свиные рёбра «Добрый край» премиум,7,31590
589,Свиные рёбра «Добрый край» фермерский,7,46590
590,Свиные рёбра «Добрый край» эконом,7,83590
591,Свиные рёбра «Золотая нива» мини,7,62090
592,Свиные рёбра «Золотая нива» эконом,7,55690
593,Свиные рёбра «Кама»,7,48190
594,Свиные рёбра «Кама» премиум,7,45490
595,Свиные рёбра «Лугово» большая упаковка,7,57490
596,Свиные рёбра «Отборное» фермерский,7,47590
597,Свиные рёбра «Парма» мини,7,51190
598,Свиные рёбра «Премиум Лайн»,7,53490
599,Свиные рёбра «Приволжье» фермерский,7,40990
600,Свиные рёбра «Родные просторы» фермерский,7,62590
601,Свиные рёбра «Своё»,7,144190
602,Свиные рёбра «Своё» премиум,7,27890
603,Свиные рёбра «Северная ферма» фермерский,7,58190
604,Свиные рёбра «Уральские зори» фермерский,7,39890
605,Свиные рёбра «Экономыч»,7,63590
606,Свиные рёбра «Экономыч» эконом,7,52890
607,Фарш домашний «Золотая нива»,7,67890
608,Фарш домашний «Кама» эконом,7,78490
609,Фарш домашний «Мегаполис»,7,55590
610,Фарш домашний «Отборное»,7,77290
611,Фарш домашний «Приволжье» большая упаковка,7,22890
612,Фарш домашний «Приволжье» мини,7,90690
613,Фарш домашний «Приволжье» премиум,7,59290
614,Фарш домашний «Северная ферма» большая упаковка,7,75790
615,Фарш домашний «Солнечный день»,7,33890
616,Бедро куриное «Белый берег» большая упаковка,8,20990
617,Бедро куриное «Золотая нива» большая упаковка,8,59990
618,Бедро куриное «Золотая нива» мини,8,48790
619,Бедро куриное «Золотая нива» эконом,8,36590
620,Бедро куриное «Кама»,8,20590
621,Бедро куриное «Кама» премиум,8,35490
622,Бедро куриное «Лугово»,8,22290
623,Бедро куриное «Отборное» премиум,8,55090
624,Бедро куриное «Парма» эконом,8,43790
625,Бедро куриное «Премиум Лайн» премиум,8,34090
626,Бедро куриное «Приволжье» эконом,8,14090
627,Бедро куриное «Своё» большая упаковка,8,23390
628,Бедро куриное «Своё» фермерский,8,41990
629,Бедро куриное «Семейный выбор»,8,50490
630,Бедро куриное «Семейный выбор» мини,8,48690
631,Бедро куриное «Семейный выбор» фермерский,8,18890
632,Бедро куриное «Солнечный день» фермерский,8,36690
633,Бедро куриное «Солнечный день» эконом,8,47090
634,Бедро куриное «Уральские зори»,8,18490
635,Бедро куриное «Утро» фермерский,8,32890
636,Голень куриная «Дары Сибири» большая упаковка,8,36290
637,Голень куриная «Добрый край» мини,8,29690
638,Голень куриная «Добрый край» премиум,8,17290
639,Голень куриная «Золотая нива»,8,29390
640,Голень куриная «Кама» большая упаковка,8,29390
641,Голень куриная «Кама» фермерский,8,31290
642,Голень куриная «Лугово» большая упаковка,8,27090
643,Голень куриная «Мегаполис»,8,28290
644,Голень куриная «Мегаполис» фермерский,8,32490
645,Голень куриная «Отборное»,8,38490
646,Голень куриная «Премиум Лайн»,8,29690
647,Голень куриная «Премиум Лайн» мини,8,28590
648,Голень куриная «Солнечный день»,8,34090
649,Голень куриная «Солнечный день» большая упаковка,8,16790
650,Голень куриная «Уральские зори» мини,8,38990
651,Филе индейки «Добрый край» фермерский,8,32990
652,Филе индейки «Золотая нива» премиум,8,33490
653,Филе индейки «Кама» большая упаковка,8,46190
654,Филе индейки «Лугово» мини,8,16690
655,Филе индейки «Лугово» эконом,8,16490
656,Филе индейки «Мегаполис» премиум,8,36290
657,Филе индейки «Отборное» премиум,8,32890
658,Филе индейки «Премиум Лайн»,8,34990
659,Филе индейки «Приволжье»,8,28090
660,Филе индейки «Родные просторы»,8,41590
661,Филе индейки «Своё» фермерский,8,45690
662,Филе индейки «Северная ферма» фермерский,8,39090
663,Филе индейки «Северная ферма» эконом,8,30090
664,Филе индейки «Семейный выбор»,8,15790
665,Филе индейки «Солнечный день»,8,43190
666,Филе индейки «Уральские зори» эконом,8,50590
667,Филе индейки «Утро» премиум,8,41390
668,Филе индейки «Утро» эконом,8,24290
669,Филе индейки «Экономыч»,8,41790
670,Филе индейки «Экономыч» эконом,8,44590
671,Филе куриное «Дары Сибири»,8,56890
672,Филе куриное «Добрый край»,8,24290
673,Филе куриное «Добрый край» премиум,8,30490
674,Филе куриное «Золотая нива»,8,42890
675,Филе куриное «Золотая нива» мини,8,33690
676,Филе куриное «Кама»,8,22290
677,Филе куриное «Кама» фермерский,8,38190
678,Филе куриное «Лугово» премиум,8,40390
679,Филе куриное «Мегаполис» фермерский,8,33990
680,Филе куриное «Премиум Лайн» большая упаковка,8,35590
681,Филе куриное «Приволжье»,8,30090
682,Филе куриное «Родные просторы» эконом,8,55390
683,Филе куриное «Семейный выбор» фермерский,8,24090
684,Филе куриное «Солнечный день» фермерский,8,26890
685,Филе куриное «Уральские зори» мини,8,33090
686,Цыплёнок «Вкусная полка»,8,44890
687,Цыплёнок «Вкусная полка» большая упаковка,8,19490
688,Цыплёнок «Вкусная полка» эконом,8,20890
689,Цыплёнок «Добрый край»,8,16190
690,Цыплёнок «Кама»,8,33390
691,Цыплёнок «Отборное»,8,22290
692,Цыплёнок «Отборное» мини,8,28790
693,Цыплёнок «Отборное» фермерский,8,41590
694,Цыплёнок «Парма» фермерский,8,26390
695,Цыплёнок «Своё»,8,35790
696,Цыплёнок «Уральские зори» эконом,8,29690
697,Цыплёнок «Утро»,8,41790
698,Цыплёнок «Утро» премиум,8,38990
699,Цыплёнок «Экономыч»,8,25890
700,Ветчина «Белый берег» мини,9,20590
701,Ветчина «Вкусная полка» мини,9,30290
702,Ветчина «Золотая нива»,9,28390
703,Ветчина «Кама»,9,15890
704,Ветчина «Лугово» фермерский,9,38490
705,Ветчина «Лугово» эконом,9,25190
706,Ветчина «Мегаполис» эконом,9,17590
707,Ветчина «Отборное»,9,39390
708,Ветчина «Приволжье» большая упаковка,9,32390
709,Ветчина «Своё» премиум,9,16690
710,Ветчина «Своё» эконом,9,48390
711,Ветчина «Северная ферма» мини,9,32690
712,Ветчина «Семейный выбор»,9,25890
713,Ветчина «Семейный выбор» большая упаковка,9,45390
714,Ветчина «Солнечный день»,9,27490
715,Ветчина «Уральские зори»,9,25690
716,Колбаса докторская «Белый берег» большая упаковка,9,20590
717,Колбаса докторская «Белый берег» эконом,9,31890
718,Колбаса докторская «Вкусная полка» эконом,9,30690
719,Колбаса докторская «Добрый край» фермерский,9,26090
720,Колбаса докторская «Кама» мини,9,19690
721,Колбаса докторская «Кама» фермерский,9,27190
722,Колбаса докторская «Лугово»,9,25390
723,Колбаса докторская «Мегаполис»,9,16290
724,Колбаса докторская «Мегаполис» фермерский,9,15490
725,Колбаса докторская «Отборное»,9,31690
726,Колбаса докторская «Парма» мини,9,10490
727,Колбаса докторская «Премиум Лайн» премиум,9,27890
728,Колбаса докторская «Северная ферма» большая упаковка,9,21990
729,Колбаса докторская «Семейный выбор» премиум,9,41090
730,Колбаса докторская «Солнечный день» большая упаковка,9,21890
731,Колбаса докторская «Уральские зори»,9,32790
732,Колбаса докторская «Уральские зори» фермерский,9,22590
733,Колбаса докторская «Утро»,9,27090
734,Колбаса докторская «Утро» большая упаковка,9,33590
735,Колбаса докторская «Утро» эконом,9,22090
736,Колбаса докторская «Экономыч» фермерский,9,36890
737,Сардельки «Вкусная полка» премиум,9,18390
738,Сардельки «Вкусная полка» фермерский,9,28790
739,Сардельки «Дары Сибири»,9,35890
740,Сардельки «Дары Сибири» большая упаковка,9,32790
741,Сардельки «Добрый край»,9,50790
742,Сардельки «Добрый край» эконом,9,19890
743,Сардельки «Золотая нива»,9,15990
744,Сардельки «Парма»,9,18390
745,Сардельки «Парма» эконом,9,32790
746,Сардельки «Премиум Лайн» премиум,9,30890
747,Сардельки «Приволжье» мини,9,26890
748,Сардельки «Приволжье» премиум,9,17590
749,Сардельки «Родные просторы» большая упаковка,9,33990
750,Сардельки «Своё»,9,16890
751,Сардельки «Своё» большая упаковка,9,38990
752,Сардельки «Своё» фермерский,9,70690
753,Сардельки «Северная ферма»,9,29590
754,Сардельки «Солнечный день» фермерский,9,31890
755,Сардельки «Солнечный день» эконом,9,21890
756,Сардельки «Уральские зори»,9,13790
757,Сардельки «Утро»,9,21090
758,Сардельки «Утро» премиум,9,17690
759,Сардельки «Экономыч» большая упаковка,9,15690
760,Сервелат «Вкусная полка» фермерский,9,47490
761,Сервелат «Кама» большая упаковка,9,28590
762,Сервелат «Кама» эконом,9,29690
763,Сервелат «Лугово» мини,9,23290
764,Сервелат «Мегаполис» мини,9,24490
765,Сервелат «Отборное»,9,36390
766,Сервелат «Отборное» мини,9,25690
767,Сервелат «Парма»,9,31290
768,Сервелат «Парма» фермерский,9,24290
769,Сервелат «Приволжье»,9,23090
770,Сервелат «Родные просторы» мини,9,15890
771,Сервелат «Родные просторы» премиум,9,12990
772,Сервелат «Северная ферма» премиум,9,23690
773,Сервелат «Семейный выбор» мини,9,26490
774,Сервелат «Солнечный день»,9,16590
775,Сервелат «Уральские зори»,9,25690
776,Сервелат «Утро» эконом,9,26490
777,Сосиски молочные «Вкусная полка» большая упаковка,9,12190
778,Сосиски молочные «Вкусная полка» мини,9,18890
779,Сосиски молочные «Добрый край»,9,29990
780,Сосиски молочные «Золотая нива» большая упаковка,9,29790
781,Сосиски молочные «Золотая нива» премиум,9,17390
782,Сосиски молочные «Парма»,9,27490
783,Сосиски молочные «Премиум Лайн» большая упаковка,9,37190
784,Сосиски молочные «Приволжье»,9,34090
785,Сосиски молочные «Приволжье» эконом,9,25090
786,Сосиски молочные «Родные просторы» большая упаковка,9,22090
787,Сосиски молочные «Северная ферма» мини,9,20890
788,Сосиски молочные «Семейный выбор» фермерский,9,30590
789,Сосиски молочные «Солнечный день»,9,27790
790,Сосиски молочные «Солнечный день» большая упаковка,9,32390
791,Сосиски молочные «Уральские зори»,9,27190
792,Сосиски молочные «Утро» эконом,9,34590
793,Крабовые палочки «Вкусная полка»,10,55590
794,Крабовые палочки «Дары Сибири»,10,65690
795,Крабовые палочки «Добрый край» мини,10,40590
796,Крабовые палочки «Кама»,10,38390
797,Крабовые палочки «Лугово» мини,10,52390
798,Крабовые палочки «Лугово» эконом,10,55690
799,Крабовые палочки «Мегаполис»,10,38690
800,Крабовые палочки «Мегаполис» премиум,10,59290
801,Крабовые палочки «Мегаполис» эконом,10,63390
802,Крабовые палочки «Парма» фермерский,10,70690
803,Крабовые палочки «Премиум Лайн» большая упаковка,10,83890
804,Крабовые палочки «Северная ферма» фермерский,10,33190
805,Крабовые палочки «Семейный выбор»,10,45190
806,Крабовые палочки «Солнечный день» большая упаковка,10,45190
807,Крабовые палочки «Уральские зори»,10,43490
808,Креветки «Кама» мини,10,35890
809,Креветки «Лугово» премиум,10,26790
810,Креветки «Отборное» фермерский,10,46490
811,Креветки «Парма»,10,34390
812,Креветки «Приволжье»,10,46390
813,Креветки «Приволжье» мини,10,34090
814,Креветки «Родные просторы» премиум,10,30590
815,Креветки «Северная ферма» мини,10,48790
816,Креветки «Солнечный день»,10,47390
817,Креветки «Солнечный день» премиум,10,55090
818,Креветки «Экономыч» большая упаковка,10,96690
819,Минтай «Вкусная полка» большая упаковка,10,49590
820,Минтай «Вкусная полка» премиум,10,53290
821,Минтай «Добрый край»,10,30890
822,Минтай «Золотая нива» мини,10,28690
823,Минтай «Мегаполис»,10,78290
824,Минтай «Парма» эконом,10,32590
825,Минтай «Премиум Лайн»,10,31190
826,Минтай «Своё»,10,44390
827,Минтай «Солнечный день»,10,43590
828,Минтай «Экономыч»,10,32790
829,Минтай «Экономыч» эконом,10,40390
830,Скумбрия «Вкусная полка» фермерский,10,69190
831,Скумбрия «Вкусная полка» эконом,10,33890
832,Скумбрия «Дары Сибири»,10,27590
833,Скумбрия «Добрый край» фермерский,10,62590
834,Скумбрия «Золотая нива» большая упаковка,10,53490
835,Скумбрия «Лугово»,10,36190
836,Скумбрия «Мегаполис»,10,25890
837,Скумбрия «Мегаполис» мини,10,34690
838,Скумбрия «Отборное» большая упаковка,10,44090
839,Скумбрия «Отборное» мини,10,67690
840,Скумбрия «Парма» эконом,10,31290
841,Скумбрия «Приволжье»,10,43690
842,Скумбрия «Приволжье» фермерский,10,56990
843,Скумбрия «Родные просторы» эконом,10,19590
844,Сёмга «Белый берег»,10,64590
845,Сёмга «Белый берег» мини,10,29690
846,Сёмга «Дары Сибири»,10,50490
847,Сёмга «Дары Сибири» эконом,10,49090
848,Сёмга «Добрый край» большая упаковка,10,65790
849,Сёмга «Лугово»,10,54590
850,Сёмга «Лугово» эконом,10,19590
851,Сёмга «Мегаполис»,10,34190
852,Сёмга «Отборное» премиум,10,47190
853,Сёмга «Парма» премиум,10,41990
854,Сёмга «Родные просторы» мини,10,53190
855,Сёмга «Родные просторы» премиум,10,59290
856,Сёмга «Своё» фермерский,10,55690
857,Сёмга «Северная ферма» эконом,10,41690
858,Сёмга «Экономыч»,10,23590
859,Капуста белокочанная «Белый берег» премиум,11,8490
860,Капуста белокочанная «Дары Сибири»,11,7190
861,Капуста белокочанная «Добрый край»,11,7290
862,Капуста белокочанная «Добрый край» большая упаковка,11,9490
863,Капуста белокочанная «Золотая нива»,11,10390
864,Капуста белокочанная «Золотая нива» мини,11,6190
865,Капуста белокочанная «Лугово»,11,8590
866,Капуста белокочанная «Мегаполис» большая упаковка,11,4190
867,Капуста белокочанная «Мегаполис» эконом,11,9190
868,Капуста белокочанная «Парма»,11,11090
869,Капуста белокочанная «Парма» большая упаковка,11,7690
870,Капуста белокочанная «Премиум Лайн» большая упаковка,11,16090
871,Капуста белокочанная «Приволжье»,11,6190
872,Капуста белокочанная «Родные просторы» премиум,11,9190
873,Капуста белокочанная «Своё» премиум,11,8390
874,Капуста белокочанная «Утро» мини,11,8190
875,Капуста белокочанная «Экономыч»,11,8190
876,Капуста белокочанная «Экономыч» фермерский,11,8790
877,Капуста белокочанная «Экономыч» эконом,11,11390
878,Картофель «Белый берег» премиум,11,13790
879,Картофель «Белый берег» фермерский,11,8490
880,Картофель «Вкусная полка» фермерский,11,11290
881,Картофель «Добрый край» фермерский,11,6590
882,Картофель «Золотая нива»,11,11090
883,Картофель «Кама» эконом,11,6490
884,Картофель «Лугово»,11,12490
885,Картофель «Отборное»,11,18390
886,Картофель «Парма»,11,8090
887,Картофель «Парма» большая упаковка,11,3890
888,Картофель «Парма» премиум,11,6990
889,Картофель «Премиум Лайн» эконом,11,13090
890,Картофель «Приволжье» мини,11,10290
891,Картофель «Родные просторы» большая упаковка,11,9290
892,Картофель «Родные просторы» премиум,11,12090
893,Картофель «Своё»,11,10090
894,Картофель «Своё» премиум,11,12990
895,Картофель «Своё» эконом,11,11690
896,Картофель «Солнечный день» фермерский,11,14490
897,Картофель «Солнечный день» эконом,11,9590
898,Картофель «Уральские зори»,11,11690
899,Картофель «Утро» большая упаковка,11,7590
900,Картофель «Утро» премиум,11,6890
901,Картофель «Утро» фермерский,11,15390
902,Картофель «Экономыч»,11,9190
903,Картофель «Экономыч» мини,11,11290
904,Картофель «Экономыч» фермерский,11,8890
905,Лук репчатый «Белый берег» премиум,11,6890
906,Лук репчатый «Вкусная полка»,11,8490
907,Лук репчатый «Вкусная полка» большая упаковка,11,14090
908,Лук репчатый «Вкусная полка» мини,11,10290
909,Лук репчатый «Дары Сибири» фермерский,11,4690
910,Лук репчатый «Добрый край» премиум,11,7890
911,Лук репчатый «Золотая нива»,11,15890
912,Лук репчатый «Кама»,11,7890
913,Лук репчатый «Мегаполис» мини,11,4490
914,Лук репчатый «Отборное»,11,16490
915,Лук репчатый «Северная ферма»,11,10790
916,Лук репчатый «Северная ферма» большая упаковка,11,8290
917,Лук репчатый «Семейный выбор» большая упаковка,11,7490
918,Лук репчатый «Семейный выбор» премиум,11,12390
919,Лук репчатый «Уральские зори» мини,11,6990
920,Лук репчатый «Утро» большая упаковка,11,12690
921,Лук репчатый «Утро» фермерский,11,10290
922,Лук репчатый «Экономыч»,11,9290
923,Морковь «Белый берег»,11,8890
924,Морковь «Вкусная полка» эконом,11,7990
925,Морковь «Дары Сибири»,11,12290
926,Морковь «Дары Сибири» премиум,11,6290
927,Морковь «Добрый край» фермерский,11,4790
928,Морковь «Золотая нива» большая упаковка,11,10490
929,Морковь «Мегаполис»,11,10590
930,Морковь «Отборное» фермерский,11,10090
931,Морковь «Приволжье» мини,11,9790
932,Морковь «Северная ферма» премиум,11,7590
933,Морковь «Северная ферма» эконом,11,11190
934,Морковь «Семейный выбор» эконом,11,8390
935,Морковь «Уральские зори»,11,7190
936,Морковь «Утро» большая упаковка,11,7590
937,Морковь «Экономыч»,11,17190
938,Огурцы «Белый берег»,11,4590
939,Огурцы «Дары Сибири» мини,11,10090
940,Огурцы «Золотая нива»,11,4690
941,Огурцы «Золотая нива» большая упаковка,11,8190
942,Огурцы «Кама» мини,11,7290
943,Огурцы «Лугово»,11,4090
944,Огурцы «Лугово» фермерский,11,9690
945,Огурцы «Мегаполис» мини,11,7390
946,Огурцы «Отборное»,11,4090
947,Огурцы «Родные просторы» большая упаковка,11,11390
948,Огурцы «Родные просторы» мини,11,13990
949,Огурцы «Родные просторы» фермерский,11,14290
950,Огурцы «Северная ферма» большая упаковка,11,9590
951,Огурцы «Семейный выбор» мини,11,8590
952,Огурцы «Семейный выбор» эконом,11,13490
953,Огурцы «Утро»,11,15290
954,Огурцы «Экономыч»,11,12590
955,Огурцы «Экономыч» эконом,11,6090
956,Помидоры «Белый берег» фермерский,11,9090
957,Помидоры «Вкусная полка» премиум,11,9890
958,Помидоры «Дары Сибири»,11,4490
959,Помидоры «Дары Сибири» мини,11,9990
960,Помидоры «Золотая нива» мини,11,18790
961,Помидоры «Кама»,11,10590
962,Помидоры «Кама» фермерский,11,14190
963,Помидоры «Лугово» фермерский,11,9090
964,Помидоры «Мегаполис»,11,8290
965,Помидоры «Мегаполис» большая упаковка,11,9690
966,Помидоры «Отборное»,11,6390
967,Помидоры «Парма» большая упаковка,11,6090
968,Помидоры «Премиум Лайн» премиум,11,13190
969,Помидоры «Приволжье»,11,13690
970,Помидоры «Родные просторы» премиум,11,5990
971,Помидоры «Своё»,11,11890
972,Помидоры «Своё» мини,11,8190
973,Помидоры «Своё» фермерский,11,9590
974,Помидоры «Северная ферма»,11,9990
975,Помидоры «Семейный выбор»,11,11990
976,Помидоры «Уральские зори»,11,8690
977,Помидоры «Утро»,11,13890
978,Помидоры «Утро» большая упаковка,11,9490
979,Апельсины «Белый берег» фермерский,12,19590
980,Апельсины «Белый берег» эконом,12,17090
981,Апельсины «Вкусная полка» большая упаковка,12,12890
982,Апельсины «Дары Сибири» фермерский,12,13190
983,Апельсины «Добрый край» премиум,12,12090
984,Апельсины «Добрый край» эконом,12,35190
985,Апельсины «Золотая нива»,12,16990
986,Апельсины «Мегаполис» большая упаковка,12,11890
987,Апельсины «Отборное»,12,16490
988,Апельсины «Парма» большая упаковка,12,9790
989,Апельсины «Приволжье»,12,23690
990,Апельсины «Родные просторы» мини,12,11090
991,Апельсины «Своё»,12,16690
992,Апельсины «Северная ферма» мини,12,20290
993,Апельсины «Семейный выбор» большая упаковка,12,15990
994,Апельсины «Уральские зори» фермерский,12,14490
995,Апельсины «Экономыч»,12,14090
996,Апельсины «Экономыч» большая упаковка,12,13690
997,Апельсины «Экономыч» фермерский,12,11390
998,Бананы «Белый берег»,12,11990
999,Бананы «Вкусная полка» мини,12,23490
1000,Бананы «Дары Сибири»,12,13490
1001,Бананы «Добрый край» большая упаковка,12,10590
1002,Бананы «Добрый край» эконом,12,11690
1003,Бананы «Кама» большая упаковка,12,20590
1004,Бананы «Мегаполис» премиум,12,17690
1005,Бананы «Отборное»,12,16990
1006,Бананы «Отборное» большая упаковка,12,12790
1007,Бананы «Парма» эконом,12,17090
1008,Бананы «Приволжье» большая упаковка,12,11190
1009,Бананы «Приволжье» премиум,12,12790
1010,Бананы «Родные просторы» мини,12,19690
1011,Бананы «Родные просторы» фермерский,12,18990
1012,Бананы «Своё»,12,9890
1013,Бананы «Северная ферма»,12,10390
1014,Бананы «Утро» фермерский,12,14490
1015,Бананы «Экономыч» большая упаковка,12,25590
1016,Виноград «Вкусная полка»,12,7190
1017,Виноград «Дары Сибири»,12,15390
1018,Виноград «Добрый край» премиум,12,8590
1019,Виноград «Золотая нива» премиум,12,11190
1020,Виноград «Кама» фермерский,12,12290
1021,Виноград «Лугово»,12,12090
1022,Виноград «Мегаполис» большая упаковка,12,11590
1023,Виноград «Мегаполис» фермерский,12,13990
1024,Виноград «Отборное»,12,11590
1025,Виноград «Парма» мини,12,8390
1026,Виноград «Приволжье» большая упаковка,12,18390
1027,Виноград «Своё»,12,18190
1028,Виноград «Своё» мини,12,18790
1029,Виноград «Своё» эконом,12,8190
1030,Виноград «Семейный выбор»,12,15490
1031,Виноград «Утро» фермерский,12,17690
1032,Груши «Белый берег»,12,9790
1033,Груши «Белый берег» большая упаковка,12,13990
1034,Груши «Вкусная полка»,12,13390
1035,Груши «Вкусная полка» фермерский,12,26690
1036,Груши «Кама» мини,12,27490
1037,Груши «Лугово»,12,7790
1038,Груши «Отборное»,12,33490
1039,Груши «Парма»,12,10190
1040,Груши «Парма» эконом,12,19690
1041,Груши «Семейный выбор» премиум,12,19690
1042,Груши «Солнечный день» фермерский,12,9890
1043,Груши «Солнечный день» эконом,12,16590
1044,Груши «Уральские зори»,12,13490
1045,Груши «Утро» большая упаковка,12,16990
1046,Груши «Экономыч» эконом,12,15190
1047,Мандарины «Белый берег» фермерский,12,21290
1048,Мандарины «Дары Сибири» премиум,12,14390
1049,Мандарины «Добрый край» премиум,12,13190
1050,Мандарины «Золотая нива»,12,20490
1051,Мандарины «Золотая нива» мини,12,17190
1052,Мандарины «Лугово» мини,12,18090
1053,Мандарины «Лугово» фермерский,12,11090
1054,Мандарины «Мегаполис»,12,9690
1055,Мандарины «Мегаполис» премиум,12,11490
1056,Мандарины «Отборное» фермерский,12,11290
1057,Мандарины «Приволжье» фермерский,12,18390
1058,Мандарины «Родные просторы» большая упаковка,12,19690
1059,Мандарины «Своё»,12,13290
1060,Мандарины «Солнечный день»,12,23090
1061,Мандарины «Солнечный день» мини,12,22590
1062,Мандарины «Солнечный день» премиум,12,15190
1063,Мандарины «Уральские зори»,12,10490
1064,Мандарины «Уральские зори» большая упаковка,12,24290
1065,Мандарины «Утро» премиум,12,13690
1066,Мандарины «Экономыч» мини,12,14590
1067,Мандарины «Экономыч» премиум,12,12390
1068,Яблоки «Белый берег» эконом,12,10290
1069,Яблоки «Дары Сибири»,12,8390
1070,Яблоки «Дары Сибири» большая упаковка,12,17490
1071,Яблоки «Дары Сибири» эконом,12,10590
1072,Яблоки «Добрый край» большая упаковка,12,40790
1073,Яблоки «Золотая нива» мини,12,9590
1074,Яблоки «Кама»,12,8990
1075,Яблоки «Лугово» эконом,12,16690
1076,Яблоки «Отборное»,12,23890
1077,Яблоки «Парма»,12,14290
1078,Яблоки «Парма» мини,12,17090
1079,Яблоки «Премиум Лайн»,12,7290
1080,Яблоки «Приволжье» большая упаковка,12,10990
1081,Яблоки «Родные просторы»,12,9590
1082,Яблоки «Своё» фермерский,12,7190
1083,Яблоки «Северная ферма»,12,14590
1084,Яблоки «Семейный выбор» большая упаковка,12,6390
1085,Яблоки «Солнечный день»,12,8790
1086,Яблоки «Утро»,12,11590
1087,Яблоки «Утро» большая упаковка,12,10490
1088,Яблоки «Утро» эконом,12,16090
1089,Яблоки «Экономыч»,12,15590
1090,Лук зелёный «Белый берег» фермерский,13,4390
1091,Лук зелёный «Вкусная полка»,13,5990
1092,Лук зелёный «Вкусная полка» эконом,13,7490
1093,Лук зелёный «Золотая нива» фермерский,13,12190
1094,Лук зелёный «Парма»,13,7590
1095,Лук зелёный «Премиум Лайн»,13,11390
1096,Лук зелёный «Премиум Лайн» премиум,13,8790
1097,Лук зелёный «Приволжье»,13,12390
1098,Лук зелёный «Приволжье» фермерский,13,6890
1099,Лук зелёный «Северная ферма»,13,16190
1100,Лук зелёный «Солнечный день»,13,5890
1101,Лук зелёный «Солнечный день» мини,13,5390
1102,Лук зелёный «Уральские зори» эконом,13,4590
1103,Петрушка «Добрый край»,13,15790
1104,Петрушка «Лугово»,13,9290
1105,Петрушка «Лугово» эконом,13,6190
1106,Петрушка «Мегаполис» эконом,13,10790
1107,Петрушка «Отборное»,13,8890
1108,Петрушка «Парма»,13,13890
1109,Петрушка «Парма» эконом,13,4090
1110,Петрушка «Премиум Лайн» большая упаковка,13,6390
1111,Петрушка «Приволжье» фермерский,13,5990
1112,Петрушка «Утро»,13,3490
1113,Петрушка «Утро» фермерский,13,10090
1114,Руккола «Белый берег» большая упаковка,13,6390
1115,Руккола «Белый берег» премиум,13,9090
1116,Руккола «Вкусная полка»,13,15990
1117,Руккола «Вкусная полка» большая упаковка,13,6190
1118,Руккола «Отборное»,13,5990
1119,Руккола «Отборное» большая упаковка,13,7290
1120,Руккола «Премиум Лайн»,13,9890
1121,Руккола «Премиум Лайн» премиум,13,5690
1122,Руккола «Родные просторы»,13,5590
1123,Руккола «Родные просторы» фермерский,13,10090
1124,Руккола «Своё»,13,7990
1125,Руккола «Своё» премиум,13,3390
1126,Руккола «Уральские зори»,13,4590
1127,Руккола «Экономыч» мини,13,11790
1128,Салат листовой «Белый берег» большая упаковка,13,8090
1129,Салат листовой «Вкусная полка»,13,5390
1130,Салат листовой «Дары Сибири»,13,6590
1131,Салат листовой «Добрый край» премиум,13,6990
1132,Салат листовой «Кама» мини,13,9090
1133,Салат листовой «Мегаполис» большая упаковка,13,4390
1134,Салат листовой «Приволжье»,13,5190
1135,Салат листовой «Родные просторы»,13,7690
1136,Салат листовой «Родные просторы» фермерский,13,6790
1137,Салат листовой «Своё» мини,13,8590
1138,Салат листовой «Уральские зори»,13,4590
1139,Салат листовой «Уральские зори» мини,13,7890
1140,Укроп «Белый берег»,13,10290
1141,Укроп «Дары Сибири» фермерский,13,8290
1142,Укроп «Добрый край» мини,13,7290
1143,Укроп «Золотая нива»,13,6790
1144,Укроп «Лугово» мини,13,5190
1145,Укроп «Лугово» премиум,13,6790
1146,Укроп «Отборное»,13,10890
1147,Укроп «Премиум Лайн» фермерский,13,6690
1148,Укроп «Премиум Лайн» эконом,13,5090
1149,Укроп «Приволжье»,13,5890
1150,Укроп «Приволжье» фермерский,13,7490
1151,Укроп «Семейный выбор»,13,6090
1152,Укроп «Семейный выбор» премиум,13,8290
1153,Укроп «Экономыч»,13,8390
1154,Укроп «Экономыч» премиум,13,9590
1155,Укроп «Экономыч» эконом,13,11490
1156,Грецкий орех «Белый берег»,14,27090
1157,Грецкий орех «Вкусная полка» большая упаковка,14,83790
1158,Грецкий орех «Добрый край»,14,26790
1159,Грецкий орех «Добрый край» эконом,14,31690
1160,Грецкий орех «Золотая нива» премиум,14,25190
1161,Грецкий орех «Мегаполис»,14,32990
1162,Грецкий орех «Мегаполис» эконом,14,38890
1163,Грецкий орех «Отборное»,14,27890
1164,Грецкий орех «Парма»,14,53990
1165,Грецкий орех «Премиум Лайн»,14,31490
1166,Грецкий орех «Приволжье» премиум,14,31890
1167,Грецкий орех «Своё»,14,21090
1168,Грецкий орех «Северная ферма»,14,33590
1169,Грецкий орех «Семейный выбор» большая упаковка,14,27690
1170,Грецкий орех «Солнечный день» большая упаковка,14,23390
1171,Грецкий орех «Уральские зори» большая упаковка,14,22090
1172,Грецкий орех «Утро» большая упаковка,14,73890
1173,Грецкий орех «Экономыч» премиум,14,26390
1174,Изюм «Белый берег» эконом,14,17390
1175,Изюм «Вкусная полка»,14,22690
1176,Изюм «Вкусная полка» эконом,14,28490
1177,Изюм «Добрый край»,14,35090
1178,Изюм «Премиум Лайн» большая упаковка,14,35190
1179,Изюм «Родные просторы» мини,14,36690
1180,Изюм «Своё»,14,23090
1181,Изюм «Северная ферма»,14,32690
1182,Изюм «Северная ферма» мини,14,21290
1183,Изюм «Семейный выбор»,14,23290
1184,Изюм «Уральские зори» фермерский,14,20990
1185,Изюм «Экономыч» фермерский,14,19090
1186,Курага «Дары Сибири»,14,42090
1187,Курага «Добрый край»,14,36890
1188,Курага «Добрый край» большая упаковка,14,40790
1189,Курага «Золотая нива» мини,14,29390
1190,Курага «Лугово»,14,38090
1191,Курага «Приволжье» эконом,14,15690
1192,Курага «Семейный выбор»,14,39190
1193,Миндаль «Белый берег»,14,30890
1194,Миндаль «Вкусная полка»,14,36090
1195,Миндаль «Вкусная полка» эконом,14,33090
1196,Миндаль «Дары Сибири» премиум,14,20490
1197,Миндаль «Золотая нива» эконом,14,17190
1198,Миндаль «Лугово»,14,22590
1199,Миндаль «Лугово» большая упаковка,14,35290
1200,Миндаль «Отборное» большая упаковка,14,36890
1201,Миндаль «Парма» фермерский,14,17990
1202,Миндаль «Премиум Лайн» фермерский,14,20590
1203,Миндаль «Родные просторы» большая упаковка,14,22490
1204,Финики «Дары Сибири»,14,25590
1205,Финики «Дары Сибири» премиум,14,17990
1206,Финики «Добрый край» премиум,14,17590
1207,Финики «Добрый край» эконом,14,21790
1208,Финики «Кама» эконом,14,29890
1209,Финики «Приволжье» фермерский,14,19190
1210,Финики «Уральские зори» мини,14,27790
1211,Финики «Утро» мини,14,41990
1212,Финики «Утро» премиум,14,18390
1213,Булгур «Белый берег» большая упаковка,15,14090
1214,Булгур «Дары Сибири»,15,12490
1215,Булгур «Добрый край»,15,5390
1216,Булгур «Золотая нива»,15,8490
1217,Булгур «Кама» фермерский,15,10090
1218,Булгур «Мегаполис»,15,12490
1219,Булгур «Парма» фермерский,15,13090
1220,Булгур «Премиум Лайн»,15,10490
1221,Булгур «Приволжье» большая упаковка,15,11690
1222,Булгур «Приволжье» фермерский,15,9690
1223,Булгур «Родные просторы» большая упаковка,15,7490
1224,Булгур «Родные просторы» мини,15,8690
1225,Булгур «Северная ферма»,15,9590
1226,Булгур «Семейный выбор»,15,9390
1227,Булгур «Солнечный день»,15,4890
1228,Булгур «Уральские зори» мини,15,8290
1229,Булгур «Уральские зори» эконом,15,9690
1230,Булгур «Утро»,15,8590
1231,Булгур «Утро» премиум,15,8690
1232,Булгур «Экономыч»,15,11290
1233,Гречка «Белый берег» большая упаковка,15,6490
1234,Гречка «Белый берег» премиум,15,5390
1235,Гречка «Вкусная полка»,15,8390
1236,Гречка «Добрый край»,15,12390
1237,Гречка «Добрый край» фермерский,15,17090
1238,Гречка «Лугово»,15,12490
1239,Гречка «Мегаполис» мини,15,5690
1240,Гречка «Парма» большая упаковка,15,8790
1241,Гречка «Приволжье» большая упаковка,15,10390
1242,Гречка «Родные просторы» мини,15,10090
1243,Гречка «Своё» мини,15,11490
1244,Гречка «Северная ферма»,15,6890
1245,Гречка «Утро» премиум,15,9690
1246,Овсяные хлопья «Белый берег»,15,10990
1247,Овсяные хлопья «Вкусная полка» эконом,15,12690
1248,Овсяные хлопья «Кама»,15,7190
1249,Овсяные хлопья «Отборное» эконом,15,8390
1250,Овсяные хлопья «Парма»,15,3690
1251,Овсяные хлопья «Премиум Лайн»,15,7590
1252,Овсяные хлопья «Приволжье»,15,7890
1253,Овсяные хлопья «Своё» большая упаковка,15,6590
1254,Овсяные хлопья «Северная ферма»,15,10090
1255,Овсяные хлопья «Солнечный день» мини,15,9290
1256,Овсяные хлопья «Солнечный день» фермерский,15,4290
1257,Овсяные хлопья «Уральские зори»,15,10190
1258,Овсяные хлопья «Уральские зори» мини,15,6890
1259,Овсяные хлопья «Уральские зори» премиум,15,11290
1260,Овсяные хлопья «Экономыч»,15,6090
1261,Пшено «Вкусная полка» эконом,15,9590
1262,Пшено «Золотая нива» большая упаковка,15,8590
1263,Пшено «Кама» большая упаковка,15,10590
1264,Пшено «Мегаполис»,15,9890
1265,Пшено «Отборное» большая упаковка,15,8690
1266,Пшено «Своё» премиум,15,5490
1267,Пшено «Семейный выбор»,15,5690
1268,Пшено «Уральские зори» большая упаковка,15,7690
1269,Пшено «Уральские зори» фермерский,15,9490
1270,Пшено «Экономыч» фермерский,15,7690
1271,Рис басмати «Белый берег» фермерский,15,11790
1272,Рис басмати «Вкусная полка»,15,8590
1273,Рис басмати «Добрый край»,15,6790
1274,Рис басмати «Кама»,15,8590
1275,Рис басмати «Лугово» большая упаковка,15,10290
1276,Рис басмати «Мегаполис»,15,10590
1277,Рис басмати «Отборное» фермерский,15,18290
1278,Рис басмати «Приволжье»,15,7490
1279,Рис басмати «Солнечный день» большая упаковка,15,9290
1280,Рис басмати «Уральские зори»,15,10990
1281,Рис басмати «Экономыч» большая упаковка,15,9390
1282,Рис круглозёрный «Белый берег»,15,7990
1283,Рис круглозёрный «Добрый край»,15,5490
1284,Рис круглозёрный «Кама»,15,7890
1285,Рис круглозёрный «Приволжье»,15,6490
1286,Рис круглозёрный «Приволжье» мини,15,5190
1287,Рис круглозёрный «Семейный выбор»,15,7190
1288,Вермишель «Вкусная полка»,16,8990
1289,Вермишель «Золотая нива»,16,15090
1290,Вермишель «Кама»,16,7990
1291,Вермишель «Кама» премиум,16,9890
1292,Вермишель «Мегаполис» фермерский,16,10290
1293,Вермишель «Приволжье» большая упаковка,16,5890
1294,Вермишель «Приволжье» мини,16,10190
1295,Вермишель «Родные просторы» большая упаковка,16,5190
1296,Вермишель «Своё» премиум,16,6790
1297,Вермишель «Северная ферма» мини,16,12390
1298,Вермишель «Солнечный день» большая упаковка,16,9590
1299,Вермишель «Уральские зори»,16,7590
1300,Вермишель «Утро»,16,9890
1301,Лапша яичная «Белый берег» мини,16,8290
1302,Лапша яичная «Вкусная полка»,16,8490
1303,Лапша яичная «Золотая нива» эконом,16,10690
1304,Лапша яичная «Кама» фермерский,16,6590
1305,Лапша яичная «Отборное»,16,8590
1306,Лапша яичная «Премиум Лайн» большая упаковка,16,7590
1307,Лапша яичная «Премиум Лайн» мини,16,4890
1308,Лапша яичная «Родные просторы» большая упаковка,16,6190
1309,Лапша яичная «Своё» эконом,16,14690
1310,Лапша яичная «Семейный выбор» мини,16,9690
1311,Лапша яичная «Солнечный день» большая упаковка,16,5290
1312,Лапша яичная «Солнечный день» мини,16,4990
1313,Лапша яичная «Уральские зори» премиум,16,8190
1314,Лапша яичная «Экономыч» мини,16,14690
1315,Перья «Белый берег»,16,7990
1316,Перья «Золотая нива» большая упаковка,16,13390
1317,Перья «Золотая нива» мини,16,9590
1318,Перья «Кама» мини,16,9990
1319,Перья «Кама» фермерский,16,5290
1320,Перья «Лугово»,16,11790
1321,Перья «Лугово» мини,16,7590
1322,Перья «Лугово» эконом,16,11490
1323,Перья «Мегаполис» премиум,16,6390
1324,Перья «Мегаполис» эконом,16,8990
1325,Перья «Отборное» мини,16,9590
1326,Перья «Парма» большая упаковка,16,8090
1327,Перья «Парма» фермерский,16,9790
1328,Перья «Премиум Лайн»,16,7690
1329,Перья «Родные просторы» премиум,16,6790
1330,Перья «Солнечный день» большая упаковка,16,14890
1331,Перья «Утро»,16,12290
1332,Перья «Утро» фермерский,16,6490
1333,Рожки «Вкусная полка» фермерский,16,10390
1334,Рожки «Дары Сибири» большая упаковка,16,6590
1335,Рожки «Мегаполис» мини,16,5590
1336,Рожки «Отборное»,16,12190
1337,Рожки «Отборное» большая упаковка,16,4690
1338,Рожки «Отборное» фермерский,16,11790
1339,Рожки «Отборное» эконом,16,7790
1340,Рожки «Премиум Лайн» мини,16,7890
1341,Рожки «Северная ферма» большая упаковка,16,9790
1342,Рожки «Северная ферма» фермерский,16,10390
1343,Рожки «Семейный выбор» большая упаковка,16,6390
1344,Рожки «Семейный выбор» премиум,16,10890
1345,Рожки «Солнечный день» премиум,16,8790
1346,Рожки «Уральские зори» фермерский,16,5490
1347,Рожки «Утро» фермерский,16,7990
1348,Рожки «Экономыч» премиум,16,13790
1349,Спагетти «Дары Сибири» эконом,16,15290
1350,Спагетти «Золотая нива»,16,10890
1351,Спагетти «Золотая нива» фермерский,16,5590
1352,Спагетти «Лугово» премиум,16,10090
1353,Спагетти «Парма» фермерский,16,11390
1354,Спагетти «Премиум Лайн» эконом,16,10990
1355,Спагетти «Приволжье»,16,11190
1356,Спагетти «Родные просторы»,16,9690
1357,Спагетти «Родные просторы» премиум,16,8290
1358,Спагетти «Своё» фермерский,16,6890
1359,Спагетти «Семейный выбор» эконом,16,4390
1360,Спагетти «Солнечный день»,16,9590
1361,Спагетти «Экономыч» фермерский,16,9090
1362,Спагетти «Экономыч» эконом,16,10290
1363,Горошек зелёный «Дары Сибири» большая упаковка,17,14390
1364,Горошек зелёный «Добрый край»,17,11190
1365,Горошек зелёный «Золотая нива» мини,17,16990
1366,Горошек зелёный «Кама» фермерский,17,14690
1367,Горошек зелёный «Мегаполис» фермерский,17,11990
1368,Горошек зелёный «Отборное»,17,9690
1369,Горошек зелёный «Отборное» премиум,17,15390
1370,Горошек зелёный «Северная ферма» мини,17,9190
1371,Горошек зелёный «Семейный выбор» премиум,17,16290
1372,Кукуруза «Белый берег»,17,35090
1373,Кукуруза «Дары Сибири» премиум,17,22490
1374,Кукуруза «Кама»,17,17990
1375,Кукуруза «Кама» большая упаковка,17,13590
1376,Кукуруза «Лугово»,17,7090
1377,Кукуруза «Лугово» мини,17,8790
1378,Кукуруза «Мегаполис»,17,21890
1379,Кукуруза «Мегаполис» премиум,17,10590
1380,Кукуруза «Парма» премиум,17,10990
1381,Кукуруза «Премиум Лайн» большая упаковка,17,13190
1382,Кукуруза «Приволжье»,17,9690
1383,Кукуруза «Своё»,17,9090
1384,Кукуруза «Своё» фермерский,17,13790
1385,Кукуруза «Семейный выбор» премиум,17,10190
1386,Кукуруза «Уральские зори» большая упаковка,17,10790
1387,Кукуруза «Уральские зори» премиум,17,10690
1388,Тушёнка «Вкусная полка» фермерский,17,16790
1389,Тушёнка «Вкусная полка» эконом,17,12890
1390,Тушёнка «Добрый край»,17,13190
1391,Тушёнка «Лугово»,17,17290
1392,Тушёнка «Родные просторы»,17,13290
1393,Тушёнка «Северная ферма»,17,12690
1394,Тушёнка «Северная ферма» мини,17,16490
1395,Тушёнка «Семейный выбор»,17,17690
1396,Тушёнка «Солнечный день» эконом,17,13290
1397,Фасоль «Белый берег» большая упаковка,17,14390
1398,Фасоль «Вкусная полка» фермерский,17,10590
1399,Фасоль «Добрый край»,17,10390
1400,Фасоль «Золотая нива» большая упаковка,17,18290
1401,Фасоль «Кама» большая упаковка,17,16390
1402,Фасоль «Кама» эконом,17,16390
1403,Фасоль «Отборное» эконом,17,15390
1404,Фасоль «Парма» фермерский,17,14190
1405,Фасоль «Родные просторы» большая упаковка,17,17890
1406,Фасоль «Своё»,17,19390
1407,Фасоль «Уральские зори» мини,17,19290
1408,Фасоль «Утро» мини,17,13490
1409,Шпроты «Дары Сибири» премиум,17,22690
1410,Шпроты «Добрый край» большая упаковка,17,15190
1411,Шпроты «Золотая нива» фермерский,17,17490
1412,Шпроты «Кама» фермерский,17,15490
1413,Шпроты «Кама» эконом,17,15290
1414,Шпроты «Мегаполис»,17,10790
1415,Шпроты «Мегаполис» премиум,17,17890
1416,Шпроты «Мегаполис» фермерский,17,37890
1417,Шпроты «Отборное»,17,12290
1418,Шпроты «Премиум Лайн»,17,14390
1419,Шпроты «Приволжье»,17,11990
1420,Шпроты «Своё» большая упаковка,17,11790
1421,Шпроты «Северная ферма»,17,23990
1422,Шпроты «Семейный выбор»,17,11090
1423,Шпроты «Семейный выбор» большая упаковка,17,11890
1424,Шпроты «Солнечный день» фермерский,17,7990
1425,Шпроты «Уральские зори» фермерский,17,10690
1426,Шпроты «Утро» мини,17,7690
1427,Шпроты «Утро» фермерский,17,17490
1428,Шпроты «Экономыч» премиум,17,37290
1429,Горчица «Белый берег» фермерский,18,20990
1430,Горчица «Белый берег» эконом,18,11290
1431,Горчица «Добрый край»,18,4890
1432,Горчица «Золотая нива»,18,10590
1433,Горчица «Золотая нива» эконом,18,28690
1434,Горчица «Кама» большая упаковка,18,14890
1435,Горчица «Лугово»,18,8290
1436,Горчица «Лугово» большая упаковка,18,13490
1437,Горчица «Мегаполис» большая упаковка,18,8490
1438,Горчица «Отборное»,18,6790
1439,Горчица «Отборное» фермерский,18,9690
1440,Горчица «Парма» эконом,18,11390
1441,Горчица «Своё»,18,5690
1442,Горчица «Северная ферма»,18,7390
1443,Горчица «Семейный выбор»,18,10990
1444,Горчица «Солнечный день» премиум,18,9490
1445,Горчица «Солнечный день» эконом,18,12590
1446,Горчица «Уральские зори»,18,7190
1447,Горчица «Утро»,18,14090
1448,Горчица «Утро» премиум,18,7290
1449,Горчица «Утро» фермерский,18,19490
1450,Кетчуп «Золотая нива»,18,5990
1451,Кетчуп «Золотая нива» премиум,18,7490
1452,Кетчуп «Кама»,18,12690
1453,Кетчуп «Кама» эконом,18,19690
1454,Кетчуп «Парма» большая упаковка,18,12290
1455,Кетчуп «Премиум Лайн» эконом,18,13390
1456,Кетчуп «Семейный выбор»,18,11090
1457,Кетчуп «Солнечный день»,18,7690
1458,Кетчуп «Уральские зори»,18,9290
1459,Кетчуп «Утро»,18,7190
1460,Кетчуп «Утро» мини,18,6990
1461,Кетчуп «Утро» эконом,18,12690
1462,Майонез «Вкусная полка»,18,7390
1463,Майонез «Добрый край»,18,12290
1464,Майонез «Мегаполис» фермерский,18,6990
1465,Майонез «Отборное» большая упаковка,18,12190
1466,Майонез «Парма» большая упаковка,18,9290
1467,Майонез «Парма» эконом,18,17990
1468,Майонез «Родные просторы»,18,12290
1469,Майонез «Своё» премиум,18,16990
1470,Майонез «Северная ферма» мини,18,8390
1471,Майонез «Утро»,18,11190
1472,Майонез «Экономыч»,18,7790
1473,Перец чёрный «Белый берег»,18,9490
1474,Перец чёрный «Белый берег» большая упаковка,18,9990
1475,Перец чёрный «Добрый край»,18,8490
1476,Перец чёрный «Парма» мини,18,7190
1477,Перец чёрный «Премиум Лайн» большая упаковка,18,6690
1478,Перец чёрный «Премиум Лайн» эконом,18,4890
1479,Перец чёрный «Приволжье»,18,7590
1480,Перец чёрный «Приволжье» эконом,18,13690
1481,Перец чёрный «Своё»,18,6290
1482,Перец чёрный «Уральские зори» большая упаковка,18,6790
1483,Перец чёрный «Утро» премиум,18,20590
1484,Соевый соус «Дары Сибири» мини,18,8790
1485,Соевый соус «Добрый край» большая упаковка,18,12290
1486,Соевый соус «Добрый край» фермерский,18,13790
1487,Соевый соус «Золотая нива»,18,13890
1488,Соевый соус «Кама» большая упаковка,18,6490
1489,Соевый соус «Кама» мини,18,10090
1490,Соевый соус «Лугово»,18,6190
1491,Соевый соус «Отборное» большая упаковка,18,25890
1492,Соевый соус «Своё» большая упаковка,18,6290
1493,Соевый соус «Утро» фермерский,18,7590
1494,Соевый соус «Экономыч»,18,7590
1495,Кофе в зёрнах «Белый берег»,19,43690
1496,Кофе в зёрнах «Белый берег» фермерский,19,32990
1497,Кофе в зёрнах «Белый берег» эконом,19,37490
1498,Кофе в зёрнах «Вкусная полка» мини,19,22790
1499,Кофе в зёрнах «Дары Сибири» большая упаковка,19,29790
1500,Кофе в зёрнах «Кама» большая упаковка,19,42990
1501,Кофе в зёрнах «Лугово» фермерский,19,43090
1502,Кофе в зёрнах «Отборное» фермерский,19,27190
1503,Кофе в зёрнах «Парма» мини,19,36990
1504,Кофе в зёрнах «Премиум Лайн» мини,19,75590
1505,Кофе в зёрнах «Приволжье» эконом,19,34790
1506,Кофе в зёрнах «Родные просторы» фермерский,19,27490
1507,Кофе в зёрнах «Своё»,19,32890
1508,Кофе в зёрнах «Своё» большая упаковка,19,36090
1509,Кофе в зёрнах «Солнечный день» премиум,19,33190
1510,Кофе в зёрнах «Экономыч» премиум,19,34590
1511,Кофе молотый «Белый берег» фермерский,19,21090
1512,Кофе молотый «Добрый край»,19,24990
1513,Кофе молотый «Золотая нива»,19,33190
1514,Кофе молотый «Лугово» большая упаковка,19,32990
1515,Кофе молотый «Отборное» премиум,19,28690
1516,Кофе молотый «Парма» фермерский,19,32890
1517,Кофе молотый «Премиум Лайн» мини,19,35790
1518,Кофе молотый «Северная ферма» большая упаковка,19,47790
1519,Кофе молотый «Северная ферма» мини,19,33790
1520,Кофе молотый «Семейный выбор»,19,40190
1521,Кофе молотый «Семейный выбор» мини,19,28990
1522,Кофе молотый «Семейный выбор» фермерский,19,42790
1523,Кофе молотый «Солнечный день»,19,39890
1524,Кофе растворимый «Белый берег»,19,47390
1525,Кофе растворимый «Вкусная полка»,19,44890
1526,Кофе растворимый «Вкусная полка» эконом,19,42990
1527,Кофе растворимый «Дары Сибири» большая упаковка,19,33790
1528,Кофе растворимый «Кама»,19,38090
1529,Кофе растворимый «Кама» большая упаковка,19,50790
1530,Кофе растворимый «Мегаполис»,19,27890
1531,Кофе растворимый «Отборное»,19,28090
1532,Кофе растворимый «Отборное» фермерский,19,37290
1533,Кофе растворимый «Парма» большая упаковка,19,40490
1534,Кофе растворимый «Приволжье»,19,26190
1535,Кофе растворимый «Приволжье» премиум,19,34090
1536,Кофе растворимый «Родные просторы»,19,33890
1537,Кофе растворимый «Семейный выбор» большая упаковка,19,16090
1538,Кофе растворимый «Уральские зори»,19,32390
1539,Кофе растворимый «Утро» большая упаковка,19,33090
1540,Чай зелёный «Белый берег»,19,33090
1541,Чай зелёный «Золотая нива»,19,57490
1542,Чай зелёный «Лугово» премиум,19,22890
1543,Чай зелёный «Лугово» фермерский,19,26190
1544,Чай зелёный «Отборное»,19,13990
1545,Чай зелёный «Отборное» премиум,19,29590
1546,Чай зелёный «Парма» премиум,19,30490
1547,Чай зелёный «Премиум Лайн» фермерский,19,29290
1548,Чай зелёный «Приволжье» большая упаковка,19,51590
1549,Чай зелёный «Родные просторы» мини,19,47290
1550,Чай зелёный «Своё» большая упаковка,19,35990
1551,Чай зелёный «Северная ферма» фермерский,19,30690
1552,Чай зелёный «Семейный выбор»,19,50090
1553,Чай зелёный «Семейный выбор» премиум,19,34790
1554,Чай зелёный «Солнечный день» большая упаковка,19,26290
1555,Чай зелёный «Уральские зори»,19,19190
1556,Чай зелёный «Утро»,19,29990
1557,Чай чёрный «Вкусная полка» премиум,19,45590
1558,Чай чёрный «Добрый край» мини,19,77590
1559,Чай чёрный «Добрый край» эконом,19,35790
1560,Чай чёрный «Кама» большая упаковка,19,26790
1561,Чай чёрный «Отборное» мини,19,23090
1562,Чай чёрный «Парма» мини,19,42490
1563,Чай чёрный «Парма» фермерский,19,18890
1564,Чай чёрный «Премиум Лайн»,19,42390
1565,Чай чёрный «Приволжье»,19,46590
1566,Чай чёрный «Своё»,19,40790
1567,Чай чёрный «Своё» большая упаковка,19,32390
1568,Чай чёрный «Солнечный день» мини,19,42690
1569,Чай чёрный «Утро» мини,19,37190
1570,Вафли «Белый берег»,20,12690
1571,Вафли «Вкусная полка»,20,11290
1572,Вафли «Дары Сибири» премиум,20,16890
1573,Вафли «Добрый край»,20,22490
1574,Вафли «Золотая нива» мини,20,14090
1575,Вафли «Золотая нива» премиум,20,9590
1576,Вафли «Кама» премиум,20,10290
1577,Вафли «Лугово» эконом,20,17190
1578,Вафли «Мегаполис»,20,28590
1579,Вафли «Мегаполис» фермерский,20,17190
1580,Вафли «Мегаполис» эконом,20,13090
1581,Вафли «Отборное» премиум,20,19590
1582,Вафли «Премиум Лайн» эконом,20,13790
1583,Вафли «Родные просторы» эконом,20,13090
1584,Вафли «Северная ферма» фермерский,20,10690
1585,Вафли «Семейный выбор»,20,24590
1586,Вафли «Семейный выбор» мини,20,6190
1587,Вафли «Семейный выбор» эконом,20,19790
1588,Вафли «Утро»,20,12790
1589,Вафли «Утро» мини,20,12990
1590,Вафли «Утро» премиум,20,27090
1591,Вафли «Экономыч»,20,11690
1592,Зефир «Белый берег»,20,11790
1593,Зефир «Вкусная полка» премиум,20,14290
1594,Зефир «Добрый край» большая упаковка,20,17290
1595,Зефир «Добрый край» фермерский,20,12890
1596,Зефир «Кама»,20,8590
1597,Зефир «Лугово»,20,11090
1598,Зефир «Мегаполис»,20,23490
1599,Зефир «Мегаполис» мини,20,15390
1600,Зефир «Мегаполис» премиум,20,17590
1601,Зефир «Парма» фермерский,20,13690
1602,Зефир «Приволжье»,20,11890
1603,Зефир «Приволжье» премиум,20,26990
1604,Зефир «Своё»,20,13990
1605,Зефир «Своё» премиум,20,12790
1606,Зефир «Своё» фермерский,20,21990
1607,Зефир «Северная ферма» мини,20,11590
1608,Зефир «Северная ферма» фермерский,20,12190
1609,Зефир «Семейный выбор» мини,20,15090
1610,Зефир «Солнечный день» мини,20,14990
1611,Зефир «Уральские зори» мини,20,16390
1612,Зефир «Экономыч»,20,31190
1613,Конфеты «Дары Сибири» премиум,20,16890
1614,Конфеты «Добрый край» мини,20,6490
1615,Конфеты «Лугово»,20,16790
1616,Конфеты «Мегаполис»,20,15190
1617,Конфеты «Отборное»,20,15190
1618,Конфеты «Премиум Лайн» мини,20,16290
1619,Конфеты «Премиум Лайн» эконом,20,14890
1620,Конфеты «Приволжье» фермерский,20,14690
1621,Конфеты «Родные просторы» премиум,20,18590
1622,Конфеты «Своё» мини,20,12390
1623,Конфеты «Солнечный день» большая упаковка,20,10790
1624,Конфеты «Уральские зори» фермерский,20,43190
1625,Конфеты «Утро» большая упаковка,20,11690
1626,Конфеты «Экономыч»,20,15490
1627,Конфеты «Экономыч» фермерский,20,8890
1628,Мармелад «Белый берег»,20,15590
1629,Мармелад «Белый берег» эконом,20,10790
1630,Мармелад «Вкусная полка» премиум,20,12790
1631,Мармелад «Добрый край» эконом,20,21590
1632,Мармелад «Золотая нива»,20,17690
1633,Мармелад «Золотая нива» премиум,20,18290
1634,Мармелад «Мегаполис»,20,8090
1635,Мармелад «Приволжье»,20,28490
1636,Мармелад «Своё» премиум,20,9890
1637,Мармелад «Семейный выбор»,20,25590
1638,Мармелад «Уральские зори» эконом,20,21390
1639,Мармелад «Утро» фермерский,20,18390
1640,Мармелад «Экономыч»,20,11090
1641,Мармелад «Экономыч» мини,20,15790
1642,Печенье «Белый берег» мини,20,12690
1643,Печенье «Добрый край»,20,15190
1644,Печенье «Лугово» фермерский,20,13690
1645,Печенье «Мегаполис»,20,7290
1646,Печенье «Отборное» премиум,20,22190
1647,Печенье «Парма» эконом,20,14590
1648,Печенье «Приволжье» мини,20,12690
1649,Печенье «Северная ферма» премиум,20,12290
1650,Печенье «Семейный выбор»,20,16990
1651,Печенье «Солнечный день» фермерский,20,10990
1652,Печенье «Солнечный день» эконом,20,6790
1653,Печенье «Уральские зори» большая упаковка,20,17290
1654,Печенье «Экономыч» премиум,20,17990
1655,Шоколад молочный «Белый берег»,20,13990
1656,Шоколад молочный «Вкусная полка» мини,20,9990
1657,Шоколад молочный «Вкусная полка» премиум,20,15490
1658,Шоколад молочный «Дары Сибири» большая упаковка,20,8990
1659,Шоколад молочный «Добрый край» большая упаковка,20,10490
1660,Шоколад молочный «Золотая нива»,20,11490
1661,Шоколад молочный «Мегаполис» фермерский,20,20190
1662,Шоколад молочный «Отборное» мини,20,13190
1663,Шоколад молочный «Отборное» премиум,20,12790
1664,Шоколад молочный «Премиум Лайн»,20,29690
1665,Шоколад молочный «Премиум Лайн» фермерский,20,16990
1666,Шоколад молочный «Своё»,20,16890
1667,Шоколад молочный «Северная ферма»,20,13190
1668,Шоколад молочный «Северная ферма» премиум,20,12190
1669,Шоколад молочный «Утро»,20,6990
1670,Шоколад молочный «Утро» фермерский,20,21090
1671,Шоколад молочный «Экономыч» мини,20,17490
1672,Крекеры «Белый берег» мини,21,6990
1673,Крекеры «Дары Сибири» большая упаковка,21,14490
1674,Крекеры «Добрый край»,21,8590
1675,Крекеры «Добрый край» фермерский,21,19290
1676,Крекеры «Добрый край» эконом,21,14290
1677,Крекеры «Золотая нива»,21,7690
1678,Крекеры «Кама» мини,21,7990
1679,Крекеры «Лугово» большая упаковка,21,13590
1680,Крекеры «Мегаполис» мини,21,9990
1681,Крекеры «Отборное»,21,10390
1682,Крекеры «Парма» эконом,21,17190
1683,Крекеры «Премиум Лайн» фермерский,21,8490
1684,Крекеры «Приволжье»,21,11390
1685,Крекеры «Своё» премиум,21,15390
1686,Крекеры «Семейный выбор»,21,14590
1687,Крекеры «Солнечный день» фермерский,21,10390
1688,Крекеры «Экономыч» эконом,21,9890
1689,Попкорн «Белый берег»,21,5990
1690,Попкорн «Белый берег» премиум,21,7590
1691,Попкорн «Золотая нива» фермерский,21,12290
1692,Попкорн «Мегаполис»,21,10490
1693,Попкорн «Парма» фермерский,21,11290
1694,Попкорн «Родные просторы»,21,15790
1695,Попкорн «Своё»,21,7290
1696,Попкорн «Своё» фермерский,21,10090
1697,Попкорн «Северная ферма»,21,11790
1698,Попкорн «Солнечный день»,21,8590
1699,Попкорн «Солнечный день» большая упаковка,21,18190
1700,Попкорн «Уральские зори»,21,15090
1701,Попкорн «Утро» фермерский,21,12190
1702,Попкорн «Экономыч»,21,20590
1703,Семечки «Белый берег» фермерский,21,6490
1704,Семечки «Белый берег» эконом,21,10990
1705,Семечки «Добрый край» большая упаковка,21,12490
1706,Семечки «Золотая нива»,21,7990
1707,Семечки «Золотая нива» эконом,21,12190
1708,Семечки «Кама» фермерский,21,7490
1709,Семечки «Отборное»,21,13990
1710,Семечки «Парма»,21,15890
1711,Семечки «Премиум Лайн»,21,12090
1712,Семечки «Премиум Лайн» фермерский,21,5790
1713,Семечки «Приволжье»,21,7790
1714,Семечки «Родные просторы» фермерский,21,13390
1715,Семечки «Своё»,21,11090
1716,Семечки «Северная ферма» большая упаковка,21,4290
1717,Семечки «Солнечный день» фермерский,21,16990
1718,Семечки «Уральские зори»,21,11490
1719,Семечки «Утро»,21,8290
1720,Семечки «Утро» мини,21,15590
1721,Семечки «Экономыч» премиум,21,8690
1722,Сухарики «Белый берег» эконом,21,8590
1723,Сухарики «Вкусная полка» эконом,21,12490
1724,Сухарики «Дары Сибири»,21,20490
1725,Сухарики «Дары Сибири» большая упаковка,21,19390
1726,Сухарики «Добрый край» мини,21,12490
1727,Сухарики «Кама»,21,12890
1728,Сухарики «Лугово»,21,14490
1729,Сухарики «Мегаполис» большая упаковка,21,7090
1730,Сухарики «Мегаполис» мини,21,13790
1731,Сухарики «Отборное» премиум,21,8490
1732,Сухарики «Отборное» эконом,21,12290
1733,Сухарики «Премиум Лайн» мини,21,10190
1734,Сухарики «Приволжье» большая упаковка,21,13090
1735,Сухарики «Родные просторы»,21,11490
1736,Сухарики «Родные просторы» фермерский,21,3790
1737,Сухарики «Родные просторы» эконом,21,11690
1738,Сухарики «Северная ферма»,21,13790
1739,Сухарики «Семейный выбор» фермерский,21,12890
1740,Чипсы «Белый берег»,21,10590
1741,Чипсы «Белый берег» мини,21,19490
1742,Чипсы «Дары Сибири» мини,21,12290
1743,Чипсы «Добрый край»,21,12790
1744,Чипсы «Золотая нива» фермерский,21,15890
1745,Чипсы «Лугово» премиум,21,12490
1746,Чипсы «Мегаполис» фермерский,21,7990
1747,Чипсы «Отборное»,21,4690
1748,Чипсы «Отборное» премиум,21,9290
1749,Чипсы «Парма» большая упаковка,21,14390
1750,Чипсы «Премиум Лайн»,21,9690
1751,Чипсы «Родные просторы» мини,21,14590
1752,Чипсы «Северная ферма» мини,21,11590
1753,Чипсы «Семейный выбор» фермерский,21,17290
1754,Чипсы «Солнечный день» мини,21,9890
1755,Чипсы «Уральские зори» фермерский,21,12990
1756,Багет «Белый берег»,22,5990
1757,Багет «Вкусная полка»,22,11990
1758,Багет «Дары Сибири» мини,22,7290
1759,Багет «Добрый край» мини,22,3290
1760,Багет «Добрый край» фермерский,22,1990
1761,Багет «Золотая нива»,22,7790
1762,Багет «Золотая нива» мини,22,5790
1763,Багет «Золотая нива» премиум,22,8890
1764,Багет «Кама»,22,4390
1765,Багет «Лугово» мини,22,6790
1766,Багет «Лугово» премиум,22,8090
1767,Багет «Лугово» фермерский,22,5090
1768,Багет «Мегаполис» эконом,22,5190
1769,Багет «Отборное»,22,6090
1770,Багет «Отборное» мини,22,7290
1771,Багет «Премиум Лайн»,22,5990
1772,Багет «Приволжье»,22,8390
1773,Багет «Родные просторы»,22,5090
1774,Багет «Своё» большая упаковка,22,3790
1775,Багет «Своё» премиум,22,11990
1776,Багет «Северная ферма»,22,4890
1777,Багет «Семейный выбор» мини,22,4890
1778,Багет «Солнечный день»,22,5890
1779,Багет «Солнечный день» премиум,22,6090
1780,Багет «Утро» мини,22,5190
1781,Багет «Утро» премиум,22,5990
1782,Багет «Экономыч»,22,5890
1783,Батон нарезной «Белый берег» большая упаковка,22,6390
1784,Батон нарезной «Белый берег» мини,22,2590
1785,Батон нарезной «Вкусная полка» фермерский,22,11590
1786,Батон нарезной «Дары Сибири»,22,5690
1787,Батон нарезной «Кама»,22,7390
1788,Батон нарезной «Кама» мини,22,3690
1789,Батон нарезной «Мегаполис» премиум,22,5090
1790,Батон нарезной «Отборное» премиум,22,4690
1791,Батон нарезной «Отборное» фермерский,22,9990
1792,Батон нарезной «Родные просторы»,22,4890
1793,Батон нарезной «Родные просторы» премиум,22,7790
1794,Батон нарезной «Своё»,22,4790
1795,Батон нарезной «Северная ферма» премиум,22,5090
1796,Батон нарезной «Семейный выбор»,22,5490
1797,Батон нарезной «Семейный выбор» мини,22,9390
1798,Батон нарезной «Солнечный день»,22,3090
1799,Батон нарезной «Солнечный день» эконом,22,3790
1800,Батон нарезной «Уральские зори» премиум,22,2990
1801,Батон нарезной «Уральские зори» эконом,22,4090
1802,Батон нарезной «Утро»,22,4490
1803,Лаваш «Вкусная полка»,22,3390
1804,Лаваш «Вкусная полка» мини,22,4590
1805,Лаваш «Вкусная полка» премиум,22,2990
1806,Лаваш «Добрый край» большая упаковка,22,4190
1807,Лаваш «Золотая нива» большая упаковка,22,9090
1808,Лаваш «Кама» большая упаковка,22,6890
1809,Лаваш «Отборное»,22,6390
1810,Лаваш «Парма»,22,4190
1811,Лаваш «Парма» эконом,22,3490
1812,Лаваш «Родные просторы»,22,3990
1813,Лаваш «Своё» большая упаковка,22,5890
1814,Лаваш «Солнечный день»,22,8090
1815,Лаваш «Уральские зори»,22,8190
1816,Лаваш «Уральские зори» большая упаковка,22,7490
1817,Лаваш «Уральские зори» фермерский,22,4590
1818,Хлеб Бородинский «Белый берег» мини,22,6090
1819,Хлеб Бородинский «Белый берег» фермерский,22,5390
1820,Хлеб Бородинский «Белый берег» эконом,22,5590
1821,Хлеб Бородинский «Вкусная полка» мини,22,12190
1822,Хлеб Бородинский «Золотая нива»,22,3190
1823,Хлеб Бородинский «Золотая нива» большая упаковка,22,5490
1824,Хлеб Бородинский «Золотая нива» премиум,22,9190
1825,Хлеб Бородинский «Кама» большая упаковка,22,3590
1826,Хлеб Бородинский «Кама» премиум,22,4790
1827,Хлеб Бородинский «Лугово»,22,4990
1828,Хлеб Бородинский «Лугово» премиум,22,5490
1829,Хлеб Бородинский «Мегаполис»,22,3390
1830,Хлеб Бородинский «Мегаполис» премиум,22,7390
1831,Хлеб Бородинский «Отборное» мини,22,7590
1832,Хлеб Бородинский «Отборное» премиум,22,7190
1833,Хлеб Бородинский «Отборное» фермерский,22,4390
1834,Хлеб Бородинский «Парма»,22,6190
1835,Хлеб Бородинский «Премиум Лайн» большая упаковка,22,4390
1836,Хлеб Бородинский «Премиум Лайн» мини,22,5290
1837,Хлеб Бородинский «Приволжье»,22,12690
1838,Хлеб Бородинский «Приволжье» эконом,22,6190
1839,Хлеб Бородинский «Своё»,22,3990
1840,Хлеб Бородинский «Северная ферма»,22,6390
1841,Хлеб Бородинский «Северная ферма» большая упаковка,22,3690
1842,Хлеб Бородинский «Семейный выбор» эконом,22,3890
1843,Хлеб Бородинский «Солнечный день»,22,4190
1844,Хлеб Бородинский «Солнечный день» фермерский,22,5090
1845,Хлеб Бородинский «Уральские зори» фермерский,22,8290
1846,Хлеб Бородинский «Экономыч»,22,7290
1847,Хлеб пшеничный «Белый берег»,22,7190
1848,Хлеб пшеничный «Белый берег» фермерский,22,4090
1849,Хлеб пшеничный «Вкусная полка»,22,4990
1850,Хлеб пшеничный «Вкусная полка» большая упаковка,22,6590
1851,Хлеб пшеничный «Дары Сибири»,22,4790
1852,Хлеб пшеничный «Дары Сибири» большая упаковка,22,5390
1853,Хлеб пшеничный «Добрый край»,22,6990
1854,Хлеб пшеничный «Золотая нива» премиум,22,5290
1855,Хлеб пшеничный «Кама»,22,6490
1856,Хлеб пшеничный «Кама» большая упаковка,22,10490
1857,Хлеб пшеничный «Кама» мини,22,5590
1858,Хлеб пшеничный «Кама» эконом,22,9090
1859,Хлеб пшеничный «Лугово» мини,22,7290
1860,Хлеб пшеничный «Лугово» фермерский,22,3590
1861,Хлеб пшеничный «Отборное»,22,4090
1862,Хлеб пшеничный «Отборное» большая упаковка,22,4490
1863,Хлеб пшеничный «Парма» премиум,22,4390
1864,Хлеб пшеничный «Приволжье»,22,5790
1865,Хлеб пшеничный «Приволжье» мини,22,7390
1866,Хлеб пшеничный «Приволжье» премиум,22,9290
1867,Хлеб пшеничный «Приволжье» фермерский,22,6690
1868,Хлеб пшеничный «Приволжье» эконом,22,5090
1869,Хлеб пшеничный «Родные просторы»,22,2890
1870,Хлеб пшеничный «Родные просторы» большая упаковка,22,6190
1871,Хлеб пшеничный «Своё» большая упаковка,22,6090
1872,Хлеб пшеничный «Северная ферма»,22,6390
1873,Хлеб пшеничный «Уральские зори» премиум,22,12490
1874,Хлеб пшеничный «Утро» фермерский,22,9290
1875,Хлеб пшеничный «Экономыч» большая упаковка,22,7890
1876,Кекс «Дары Сибири» фермерский,23,12790
1877,Кекс «Родные просторы»,23,37690
1878,Кекс «Родные просторы» большая упаковка,23,23690
1879,Кекс «Родные просторы» эконом,23,18090
1880,Кекс «Северная ферма»,23,15090
1881,Кекс «Уральские зори»,23,17590
1882,Кекс «Уральские зори» большая упаковка,23,13790
1883,Кекс «Утро»,23,28590
1884,Кекс «Утро» премиум,23,15990
1885,Кекс «Экономыч»,23,30790
1886,Круассан «Кама»,23,18290
1887,Круассан «Мегаполис» большая упаковка,23,14590
1888,Круассан «Мегаполис» фермерский,23,18090
1889,Круассан «Отборное»,23,8390
1890,Круассан «Премиум Лайн» премиум,23,20090
1891,Круассан «Премиум Лайн» фермерский,23,19790
1892,Круассан «Своё» премиум,23,27990
1893,Круассан «Северная ферма» премиум,23,10890
1894,Круассан «Северная ферма» фермерский,23,31490
1895,Круассан «Солнечный день» эконом,23,27990
1896,Круассан «Экономыч»,23,32490
1897,Пирожок с капустой «Вкусная полка»,23,20590
1898,Пирожок с капустой «Вкусная полка» мини,23,29890
1899,Пирожок с капустой «Добрый край» фермерский,23,12490
1900,Пирожок с капустой «Лугово»,23,26990
1901,Пирожок с капустой «Парма» мини,23,15990
1902,Пирожок с капустой «Родные просторы»,23,11790
1903,Пирожок с капустой «Родные просторы» эконом,23,14190
1904,Пирожок с капустой «Солнечный день» премиум,23,20990
1905,Пирожок с капустой «Уральские зори» премиум,23,15690
1906,Пирожок с капустой «Экономыч» мини,23,23990
1907,Слойка «Вкусная полка»,23,11190
1908,Слойка «Вкусная полка» мини,23,9990
1909,Слойка «Вкусная полка» эконом,23,33890
1910,Слойка «Дары Сибири»,23,28790
1911,Слойка «Добрый край» мини,23,14490
1912,Слойка «Лугово» большая упаковка,23,20990
1913,Слойка «Лугово» фермерский,23,29990
1914,Слойка «Лугово» эконом,23,24290
1915,Слойка «Своё» большая упаковка,23,22090
1916,Слойка «Своё» премиум,23,30790
1917,Слойка «Семейный выбор» мини,23,16290
1918,Слойка «Солнечный день»,23,21190
1919,Слойка «Утро» премиум,23,20890
1920,Слойка «Экономыч»,23,19090
1921,Торт Наполеон «Белый берег» фермерский,23,18290
1922,Торт Наполеон «Дары Сибири» большая упаковка,23,21490
1923,Торт Наполеон «Дары Сибири» премиум,23,21290
1924,Торт Наполеон «Добрый край» большая упаковка,23,14490
1925,Торт Наполеон «Золотая нива» большая упаковка,23,27790
1926,Торт Наполеон «Кама» мини,23,14890
1927,Торт Наполеон «Мегаполис»,23,19490
1928,Торт Наполеон «Мегаполис» премиум,23,18890
1929,Торт Наполеон «Отборное» большая упаковка,23,23790
1930,Торт Наполеон «Отборное» премиум,23,9990
1931,Торт Наполеон «Парма»,23,28690
1932,Торт Наполеон «Приволжье» большая упаковка,23,16590
1933,Торт Наполеон «Родные просторы» большая упаковка,23,32190
1934,Торт Наполеон «Своё»,23,17790
1935,Торт Наполеон «Северная ферма»,23,20590
1936,Торт Наполеон «Северная ферма» фермерский,23,40990
1937,Торт Наполеон «Северная ферма» эконом,23,19090
1938,Торт Наполеон «Семейный выбор»,23,32390
1939,Торт Наполеон «Семейный выбор» большая упаковка,23,21290
1940,Торт Наполеон «Солнечный день» эконом,23,24290
1941,Торт Наполеон «Уральские зори»,23,21490
1942,Вода газированная «Белый берег»,24,3990
1943,Вода газированная «Вкусная полка»,24,5290
1944,Вода газированная «Дары Сибири» премиум,24,9090
1945,Вода газированная «Золотая нива»,24,9990
1946,Вода газированная «Кама»,24,9190
1947,Вода газированная «Кама» фермерский,24,7190
1948,Вода газированная «Кама» эконом,24,3490
1949,Вода газированная «Лугово»,24,6490
1950,Вода газированная «Мегаполис»,24,3590
1951,Вода газированная «Мегаполис» фермерский,24,3290
1952,Вода газированная «Отборное» фермерский,24,5990
1953,Вода газированная «Отборное» эконом,24,6590
1954,Вода газированная «Премиум Лайн»,24,7490
1955,Вода газированная «Приволжье» фермерский,24,6490
1956,Вода газированная «Родные просторы» большая упаковка,24,6590
1957,Вода газированная «Родные просторы» фермерский,24,3890
1958,Вода газированная «Своё»,24,5290
1959,Вода газированная «Своё» мини,24,3190
1960,Вода газированная «Северная ферма»,24,2690
1961,Вода газированная «Северная ферма» мини,24,7090
1962,Вода газированная «Северная ферма» премиум,24,4190
1963,Вода газированная «Семейный выбор» мини,24,7490
1964,Вода газированная «Семейный выбор» эконом,24,8090
1965,Вода газированная «Солнечный день»,24,4390
1966,Вода газированная «Уральские зори»,24,6790
1967,Вода газированная «Уральские зори» эконом,24,4390
1968,Вода газированная «Утро»,24,2890
1969,Вода газированная «Экономыч»,24,5690
1970,Вода газированная «Экономыч» премиум,24,4690
1971,Вода газированная «Экономыч» фермерский,24,4690
1972,Вода минеральная «Белый берег» эконом,24,10990
1973,Вода минеральная «Вкусная полка» премиум,24,3190
1974,Вода минеральная «Вкусная полка» фермерский,24,6290
1975,Вода минеральная «Дары Сибири»,24,3890
1976,Вода минеральная «Дары Сибири» мини,24,7590
1977,Вода минеральная «Дары Сибири» премиум,24,6090
1978,Вода минеральная «Дары Сибири» эконом,24,6290
1979,Вода минеральная «Кама» премиум,24,3990
1980,Вода минеральная «Лугово»,24,4190
1981,Вода минеральная «Лугово» премиум,24,7590
1982,Вода минеральная «Мегаполис»,24,10190
1983,Вода минеральная «Мегаполис» большая упаковка,24,6490
1984,Вода минеральная «Мегаполис» мини,24,3990
1985,Вода минеральная «Парма»,24,6190
1986,Вода минеральная «Парма» премиум,24,12890
1987,Вода минеральная «Премиум Лайн» эконом,24,5690
1988,Вода минеральная «Приволжье» премиум,24,9190
1989,Вода минеральная «Своё» большая упаковка,24,4190
1990,Вода минеральная «Своё» мини,24,5390
1991,Вода минеральная «Северная ферма»,24,6790
1992,Вода минеральная «Северная ферма» большая упаковка,24,6290
1993,Вода минеральная «Северная ферма» премиум,24,4190
1994,Вода минеральная «Семейный выбор» большая упаковка,24,4090
1995,Вода минеральная «Семейный выбор» мини,24,7790
1996,Вода минеральная «Уральские зори»,24,8290
1997,Вода минеральная «Уральские зори» мини,24,9290
1998,Вода минеральная «Уральские зори» премиум,24,10290
1999,Вода минеральная «Утро» мини,24,5790
2000,Вода минеральная «Экономыч»,24,4890
2001,Вода минеральная «Экономыч» фермерский,24,8790
2002,Вода питьевая «Белый берег»,24,7090
2003,Вода питьевая «Белый берег» фермерский,24,3890
2004,Вода питьевая «Дары Сибири»,24,3790
2005,Вода питьевая «Дары Сибири» большая упаковка,24,6490
2006,Вода питьевая «Дары Сибири» премиум,24,5190
2007,Вода питьевая «Дары Сибири» эконом,24,5390
2008,Вода питьевая «Добрый край»,24,7990
2009,Вода питьевая «Добрый край» фермерский,24,7190
2010,Вода питьевая «Добрый край» эконом,24,8790
2011,Вода питьевая «Золотая нива»,24,2790
2012,Вода питьевая «Золотая нива» премиум,24,5990
2013,Вода питьевая «Кама»,24,6990
2014,Вода питьевая «Кама» большая упаковка,24,3190
2015,Вода питьевая «Лугово» фермерский,24,4390
2016,Вода питьевая «Мегаполис» мини,24,4090
2017,Вода питьевая «Мегаполис» фермерский,24,5490
2018,Вода питьевая «Отборное»,24,9690
2019,Вода питьевая «Отборное» большая упаковка,24,11190
2020,Вода питьевая «Парма»,24,4090
2021,Вода питьевая «Парма» премиум,24,6590
2022,Вода питьевая «Премиум Лайн» мини,24,6690
2023,Вода питьевая «Премиум Лайн» фермерский,24,6290
2024,Вода питьевая «Премиум Лайн» эконом,24,6290
2025,Вода питьевая «Приволжье» эконом,24,6090
2026,Вода питьевая «Родные просторы»,24,9890
2027,Вода питьевая «Родные просторы» эконом,24,8090
2028,Вода питьевая «Своё» премиум,24,3790
2029,Вода питьевая «Северная ферма»,24,7290
2030,Вода питьевая «Северная ферма» эконом,24,7490
2031,Вода питьевая «Семейный выбор»,24,6090
2032,Вода питьевая «Семейный выбор» премиум,24,8190
2033,Вода питьевая «Утро» мини,24,5890
2034,Вода питьевая «Экономыч» эконом,24,5890
2035,Морс клюквенный «Дары Сибири»,25,12390
2036,Морс клюквенный «Дары Сибири» премиум,25,9190
2037,Морс клюквенный «Добрый край»,25,15390
2038,Морс клюквенный «Золотая нива»,25,17190
2039,Морс клюквенный «Лугово»,25,21790
2040,Морс клюквенный «Лугово» премиум,25,14790
2041,Морс клюквенный «Отборное» фермерский,25,17990
2042,Морс клюквенный «Отборное» эконом,25,11690
2043,Морс клюквенный «Парма»,25,10990
2044,Морс клюквенный «Премиум Лайн»,25,15290
2045,Морс клюквенный «Премиум Лайн» мини,25,11390
2046,Морс клюквенный «Своё» большая упаковка,25,14290
2047,Морс клюквенный «Северная ферма» эконом,25,8990
2048,Морс клюквенный «Семейный выбор»,25,9490
2049,Морс клюквенный «Семейный выбор» большая упаковка,25,16190
2050,Морс клюквенный «Семейный выбор» мини,25,17690
2051,Морс клюквенный «Солнечный день» фермерский,25,9190
2052,Морс клюквенный «Уральские зори» эконом,25,16390
2053,Морс клюквенный «Утро» эконом,25,10790
2054,Нектар персиковый «Белый берег»,25,13090
2055,Нектар персиковый «Вкусная полка»,25,21290
2056,Нектар персиковый «Вкусная полка» большая упаковка,25,17190
2057,Нектар персиковый «Добрый край»,25,17190
2058,Нектар персиковый «Кама»,25,25390
2059,Нектар персиковый «Кама» большая упаковка,25,10190
2060,Нектар персиковый «Кама» премиум,25,9190
2061,Нектар персиковый «Лугово» премиум,25,10090
2062,Нектар персиковый «Лугово» фермерский,25,11890
2063,Нектар персиковый «Мегаполис»,25,5690
2064,Нектар персиковый «Парма»,25,12090
2065,Нектар персиковый «Премиум Лайн»,25,10690
2066,Нектар персиковый «Премиум Лайн» фермерский,25,17090
2067,Нектар персиковый «Приволжье»,25,14690
2068,Нектар персиковый «Родные просторы» большая упаковка,25,10490
2069,Нектар персиковый «Родные просторы» фермерский,25,15990
2070,Нектар персиковый «Семейный выбор» премиум,25,16690
2071,Нектар персиковый «Семейный выбор» фермерский,25,9890
2072,Нектар персиковый «Солнечный день»,25,10890
2073,Нектар персиковый «Уральские зори»,25,5990
2074,Нектар персиковый «Уральские зори» мини,25,8890
2075,Нектар персиковый «Экономыч» эконом,25,9990
2076,Сок апельсиновый «Белый берег»,25,13290
2077,Сок апельсиновый «Белый берег» большая упаковка,25,9290
2078,Сок апельсиновый «Вкусная полка» мини,25,10890
2079,Сок апельсиновый «Дары Сибири» мини,25,8490
2080,Сок апельсиновый «Добрый край» премиум,25,13790
2081,Сок апельсиновый «Кама» фермерский,25,15090
2082,Сок апельсиновый «Мегаполис» премиум,25,14990
2083,Сок апельсиновый «Отборное»,25,13090
2084,Сок апельсиновый «Парма» эконом,25,7590
2085,Сок апельсиновый «Премиум Лайн» фермерский,25,10490
2086,Сок апельсиновый «Премиум Лайн» эконом,25,11290
2087,Сок апельсиновый «Приволжье» фермерский,25,11290
2088,Сок апельсиновый «Родные просторы»,25,13290
2089,Сок апельсиновый «Своё»,25,21390
2090,Сок апельсиновый «Своё» большая упаковка,25,17290
2091,Сок апельсиновый «Семейный выбор» эконом,25,9190
2092,Сок апельсиновый «Уральские зори»,25,16490
2093,Сок апельсиновый «Экономыч»,25,16290
2094,Сок апельсиновый «Экономыч» большая упаковка,25,9790
2095,Сок апельсиновый «Экономыч» мини,25,17490
2096,Сок яблочный «Добрый край» мини,25,12290
2097,Сок яблочный «Добрый край» премиум,25,7890
2098,Сок яблочный «Мегаполис»,25,15190
2099,Сок яблочный «Премиум Лайн» большая упаковка,25,13990
2100,Сок яблочный «Приволжье» мини,25,11990
2101,Сок яблочный «Родные просторы» большая упаковка,25,12790
2102,Сок яблочный «Родные просторы» премиум,25,10090
2103,Сок яблочный «Родные просторы» эконом,25,16090
2104,Сок яблочный «Своё» мини,25,12790
2105,Сок яблочный «Северная ферма» мини,25,13790
2106,Сок яблочный «Семейный выбор»,25,14690
2107,Сок яблочный «Уральские зори» премиум,25,8690
2108,Сок яблочный «Экономыч»,25,9490
2109,Сок яблочный «Экономыч» большая упаковка,25,5990
2110,Квас «Белый берег» большая упаковка,26,9790
2111,Квас «Белый берег» премиум,26,10990
2112,Квас «Белый берег» фермерский,26,11690
2113,Квас «Вкусная полка» мини,26,12590
2114,Квас «Дары Сибири»,26,11990
2115,Квас «Дары Сибири» премиум,26,9990
2116,Квас «Дары Сибири» фермерский,26,12190
2117,Квас «Добрый край» большая упаковка,26,15590
2118,Квас «Добрый край» премиум,26,10590
2119,Квас «Золотая нива» мини,26,12290
2120,Квас «Золотая нива» эконом,26,10290
2121,Квас «Кама» фермерский,26,8790
2122,Квас «Мегаполис» премиум,26,13190
2123,Квас «Приволжье» фермерский,26,9090
2124,Квас «Северная ферма»,26,12590
2125,Квас «Северная ферма» премиум,26,11090
2126,Квас «Семейный выбор» премиум,26,9890
2127,Квас «Уральские зори» премиум,26,9790
2128,Квас «Уральские зори» эконом,26,9190
2129,Квас «Утро» мини,26,6190
2130,Квас «Экономыч»,26,12590
2131,Кола «Белый берег» большая упаковка,26,11890
2132,Кола «Дары Сибири»,26,14790
2133,Кола «Дары Сибири» мини,26,9090
2134,Кола «Золотая нива» премиум,26,21390
2135,Кола «Золотая нива» фермерский,26,9590
2136,Кола «Кама»,26,8090
2137,Кола «Кама» премиум,26,7790
2138,Кола «Лугово»,26,5990
2139,Кола «Лугово» фермерский,26,18790
2140,Кола «Отборное»,26,17790
2141,Кола «Своё»,26,13590
2142,Кола «Своё» эконом,26,7990
2143,Кола «Солнечный день»,26,20690
2144,Кола «Уральские зори»,26,9690
2145,Кола «Утро» большая упаковка,26,9990
2146,Кола «Утро» фермерский,26,18190
2147,Кола «Экономыч» премиум,26,13890
2148,Лимонад «Белый берег» фермерский,26,23790
2149,Лимонад «Белый берег» эконом,26,11990
2150,Лимонад «Дары Сибири»,26,9590
2151,Лимонад «Добрый край» эконом,26,8890
2152,Лимонад «Золотая нива»,26,5790
2153,Лимонад «Золотая нива» большая упаковка,26,9990
2154,Лимонад «Кама» фермерский,26,16390
2155,Лимонад «Мегаполис» большая упаковка,26,13590
2156,Лимонад «Мегаполис» фермерский,26,11090
2157,Лимонад «Отборное» большая упаковка,26,7790
2158,Лимонад «Премиум Лайн» фермерский,26,11890
2159,Лимонад «Родные просторы»,26,15690
2160,Лимонад «Своё» большая упаковка,26,12790
2161,Лимонад «Своё» премиум,26,11690
2162,Лимонад «Северная ферма»,26,8290
2163,Лимонад «Северная ферма» фермерский,26,14890
2164,Лимонад «Семейный выбор»,26,3690
2165,Лимонад «Семейный выбор» большая упаковка,26,12590
2166,Лимонад «Солнечный день» фермерский,26,26990
2167,Лимонад «Уральские зори» большая упаковка,26,6490
2168,Лимонад «Уральские зори» эконом,26,10090
2169,Тоник «Вкусная полка» премиум,26,10990
2170,Тоник «Дары Сибири»,26,9390
2171,Тоник «Добрый край»,26,15790
2172,Тоник «Золотая нива» эконом,26,12990
2173,Тоник «Кама» премиум,26,11590
2174,Тоник «Мегаполис»,26,14490
2175,Тоник «Мегаполис» премиум,26,11090
2176,Тоник «Парма» фермерский,26,33490
2177,Тоник «Парма» эконом,26,11590
2178,Тоник «Родные просторы» большая упаковка,26,11790
2179,Тоник «Своё» большая упаковка,26,5990
2180,Тоник «Северная ферма»,26,9090
2181,Тоник «Солнечный день»,26,16390
2182,Тоник «Солнечный день» фермерский,26,6890
2183,Тоник «Уральские зори» мини,26,5190
2184,Тоник «Утро» фермерский,26,11090
2185,Энергетик без сахара «Дары Сибири»,27,8690
2186,Энергетик без сахара «Дары Сибири» фермерский,27,10790
2187,Энергетик без сахара «Золотая нива»,27,5790
2188,Энергетик без сахара «Кама»,27,15890
2189,Энергетик без сахара «Лугово»,27,8790
2190,Энергетик без сахара «Мегаполис»,27,11390
2191,Энергетик без сахара «Мегаполис» фермерский,27,6990
2192,Энергетик без сахара «Парма» мини,27,9390
2193,Энергетик без сахара «Парма» фермерский,27,10390
2194,Энергетик без сахара «Премиум Лайн»,27,11490
2195,Энергетик без сахара «Премиум Лайн» большая упаковка,27,13590
2196,Энергетик без сахара «Премиум Лайн» мини,27,18990
2197,Энергетик без сахара «Родные просторы»,27,14890
2198,Энергетик без сахара «Своё»,27,16090
2199,Энергетик без сахара «Северная ферма»,27,19090
2200,Энергетик без сахара «Северная ферма» эконом,27,13990
2201,Энергетик без сахара «Семейный выбор»,27,11390
2202,Энергетик без сахара «Солнечный день» большая упаковка,27,16390
2203,Энергетик без сахара «Солнечный день» фермерский,27,16690
2204,Энергетик без сахара «Уральские зори» мини,27,14390
2205,Энергетик без сахара «Уральские зори» эконом,27,6890
2206,Энергетик без сахара «Утро»,27,8590
2207,Энергетик без сахара «Утро» большая упаковка,27,10390
2208,Энергетик без сахара «Утро» премиум,27,15090
2209,Энергетик без сахара «Утро» эконом,27,11390
2210,Энергетик без сахара «Экономыч»,27,17090
2211,Энергетик без сахара «Экономыч» эконом,27,18190
2212,Энергетик классический «Вкусная полка»,27,17490
2213,Энергетик классический «Дары Сибири»,27,17490
2214,Энергетик классический «Дары Сибири» эконом,27,7990
2215,Энергетик классический «Добрый край» мини,27,13590
2216,Энергетик классический «Золотая нива» мини,27,9290
2217,Энергетик классический «Золотая нива» эконом,27,6490
2218,Энергетик классический «Лугово»,27,10390
2219,Энергетик классический «Лугово» премиум,27,18290
2220,Энергетик классический «Мегаполис»,27,13490
2221,Энергетик классический «Отборное»,27,23290
2222,Энергетик классический «Премиум Лайн»,27,12190
2223,Энергетик классический «Премиум Лайн» эконом,27,27090
2224,Энергетик классический «Приволжье»,27,12190
2225,Энергетик классический «Приволжье» большая упаковка,27,11590
2226,Энергетик классический «Своё»,27,7290
2227,Энергетик классический «Своё» большая упаковка,27,16990
2228,Энергетик классический «Северная ферма» мини,27,9590
2229,Энергетик классический «Северная ферма» эконом,27,9190
2230,Энергетик классический «Семейный выбор» большая упаковка,27,17990
2231,Энергетик классический «Семейный выбор» премиум,27,17190
2232,Энергетик классический «Солнечный день» мини,27,17090
2233,Энергетик классический «Солнечный день» фермерский,27,10090
2234,Энергетик классический «Солнечный день» эконом,27,11290
2235,Энергетик классический «Уральские зори» мини,27,11290
2236,Энергетик классический «Уральские зори» премиум,27,15090
2237,Энергетик классический «Утро»,27,19790
2238,Энергетик классический «Утро» большая упаковка,27,13090
2239,Энергетик классический «Утро» мини,27,22990
2240,Энергетик классический «Экономыч»,27,15690
2241,Энергетик классический «Экономыч» мини,27,10590
2242,Гель для стирки «Белый берег»,28,41790
2243,Гель для стирки «Вкусная полка» большая упаковка,28,39390
2244,Гель для стирки «Кама»,28,39490
2245,Гель для стирки «Лугово»,28,29390
2246,Гель для стирки «Мегаполис»,28,36890
2247,Гель для стирки «Мегаполис» премиум,28,81090
2248,Гель для стирки «Приволжье» фермерский,28,44690
2249,Гель для стирки «Родные просторы»,28,61390
2250,Гель для стирки «Северная ферма» премиум,28,20190
2251,Гель для стирки «Солнечный день» эконом,28,58590
2252,Гель для стирки «Уральские зори»,28,45390
2253,Гель для стирки «Утро» эконом,28,40590
2254,Гель для стирки «Экономыч»,28,51090
2255,Кондиционер для белья «Белый берег»,28,40390
2256,Кондиционер для белья «Мегаполис» мини,28,22790
2257,Кондиционер для белья «Парма»,28,66290
2258,Кондиционер для белья «Премиум Лайн» эконом,28,52290
2259,Кондиционер для белья «Приволжье» мини,28,42990
2260,Кондиционер для белья «Уральские зори» большая упаковка,28,34190
2261,Кондиционер для белья «Утро» большая упаковка,28,28690
2262,Кондиционер для белья «Экономыч» эконом,28,51890
2263,Порошок стиральный «Белый берег» большая упаковка,28,84390
2264,Порошок стиральный «Вкусная полка»,28,51490
2265,Порошок стиральный «Дары Сибири» мини,28,29590
2266,Порошок стиральный «Дары Сибири» фермерский,28,51890
2267,Порошок стиральный «Золотая нива»,28,47090
2268,Порошок стиральный «Золотая нива» эконом,28,64890
2269,Порошок стиральный «Кама»,28,59390
2270,Порошок стиральный «Лугово»,28,16890
2271,Порошок стиральный «Лугово» эконом,28,58090
2272,Порошок стиральный «Мегаполис»,28,33790
2273,Порошок стиральный «Приволжье»,28,29190
2274,Порошок стиральный «Родные просторы»,28,44890
2275,Порошок стиральный «Родные просторы» мини,28,55390
2276,Порошок стиральный «Северная ферма»,28,26990
2277,Порошок стиральный «Семейный выбор»,28,61390
2278,Порошок стиральный «Солнечный день»,28,62690
2279,Порошок стиральный «Солнечный день» мини,28,48790
2280,Порошок стиральный «Солнечный день» фермерский,28,35390
2281,Порошок стиральный «Уральские зори»,28,34090
2282,Порошок стиральный «Утро»,28,68690
2283,Порошок стиральный «Утро» мини,28,28290
2284,Порошок стиральный «Утро» фермерский,28,69690
2285,Порошок стиральный «Экономыч» эконом,28,45290
2286,Пятновыводитель «Золотая нива»,28,46390
2287,Пятновыводитель «Золотая нива» фермерский,28,26390
2288,Пятновыводитель «Кама»,28,45590
2289,Пятновыводитель «Отборное» эконом,28,59490
2290,Пятновыводитель «Парма» большая упаковка,28,30090
2291,Пятновыводитель «Премиум Лайн» большая упаковка,28,57190
2292,Пятновыводитель «Приволжье» премиум,28,49490
2293,Пятновыводитель «Своё»,28,38290
2294,Пятновыводитель «Семейный выбор»,28,64690
2295,Пятновыводитель «Семейный выбор» мини,28,22190
2296,Пятновыводитель «Семейный выбор» премиум,28,54190
2297,Пятновыводитель «Уральские зори» большая упаковка,28,84590
2298,Пятновыводитель «Экономыч» мини,28,79490
2299,Средство для пола «Белый берег»,29,29190
2300,Средство для пола «Вкусная полка»,29,19090
2301,Средство для пола «Вкусная полка» большая упаковка,29,18990
2302,Средство для пола «Добрый край» большая упаковка,29,12590
2303,Средство для пола «Парма» большая упаковка,29,27590
2304,Средство для пола «Премиум Лайн»,29,24890
2305,Средство для пола «Приволжье»,29,32890
2306,Средство для пола «Приволжье» большая упаковка,29,19490
2307,Средство для пола «Приволжье» премиум,29,19990
2308,Средство для пола «Приволжье» эконом,29,22290
2309,Средство для пола «Своё»,29,28690
2310,Средство для пола «Утро»,29,12590
2311,Средство для посуды «Вкусная полка»,29,27190
2312,Средство для посуды «Дары Сибири»,29,20790
2313,Средство для посуды «Добрый край» премиум,29,14490
2314,Средство для посуды «Добрый край» эконом,29,10090
2315,Средство для посуды «Золотая нива» мини,29,19990
2316,Средство для посуды «Кама»,29,34890
2317,Средство для посуды «Кама» мини,29,37690
2318,Средство для посуды «Лугово»,29,23790
2319,Средство для посуды «Лугово» премиум,29,41690
2320,Средство для посуды «Отборное»,29,20690
2321,Средство для посуды «Парма»,29,29290
2322,Средство для посуды «Премиум Лайн» мини,29,17890
2323,Средство для посуды «Приволжье» мини,29,17490
2324,Средство для посуды «Приволжье» эконом,29,16590
2325,Средство для посуды «Северная ферма» премиум,29,10190
2326,Средство для посуды «Солнечный день»,29,32990
2327,Средство для посуды «Уральские зори» фермерский,29,16790
2328,Средство для посуды «Утро» мини,29,15890
2329,Средство для посуды «Экономыч» большая упаковка,29,13890
2330,Средство для стёкол «Вкусная полка»,29,19590
2331,Средство для стёкол «Дары Сибири»,29,38890
2332,Средство для стёкол «Кама»,29,43690
2333,Средство для стёкол «Лугово» премиум,29,11690
2334,Средство для стёкол «Отборное» большая упаковка,29,18490
2335,Средство для стёкол «Парма»,29,14590
2336,Средство для стёкол «Приволжье»,29,29690
2337,Средство для стёкол «Приволжье» премиум,29,23190
2338,Средство для стёкол «Родные просторы»,29,16790
2339,Средство для стёкол «Родные просторы» эконом,29,21490
2340,Средство для стёкол «Уральские зори» фермерский,29,17790
2341,Средство для стёкол «Уральские зори» эконом,29,36890
2342,Средство для стёкол «Экономыч»,29,25390
2343,Чистящий порошок «Белый берег» эконом,29,26490
2344,Чистящий порошок «Кама» мини,29,8290
2345,Чистящий порошок «Парма»,29,20490
2346,Чистящий порошок «Парма» мини,29,43490
2347,Чистящий порошок «Парма» фермерский,29,33390
2348,Чистящий порошок «Приволжье»,29,10990
2349,Чистящий порошок «Родные просторы» премиум,29,18790
2350,Чистящий порошок «Северная ферма» мини,29,13790
2351,Чистящий порошок «Семейный выбор» мини,29,38190
2352,Чистящий порошок «Солнечный день»,29,22890
2353,Чистящий порошок «Уральские зори» фермерский,29,16090
2354,Чистящий порошок «Утро»,29,21290
2355,Чистящий порошок «Экономыч» премиум,29,8390
2356,Гель для душа «Добрый край»,30,23990
2357,Гель для душа «Кама» фермерский,30,32390
2358,Гель для душа «Мегаполис» мини,30,44490
2359,Гель для душа «Парма»,30,35190
2360,Гель для душа «Премиум Лайн» большая упаковка,30,11790
2361,Гель для душа «Своё»,30,30390
2362,Гель для душа «Своё» мини,30,61490
2363,Гель для душа «Семейный выбор» мини,30,31090
2364,Гель для душа «Уральские зори» премиум,30,16690
2365,Гель для душа «Уральские зори» эконом,30,27590
2366,Гель для душа «Утро» мини,30,15990
2367,Гель для душа «Утро» эконом,30,38490
2368,Гель для душа «Экономыч»,30,17890
2369,Дезодорант «Дары Сибири» большая упаковка,30,25690
2370,Дезодорант «Лугово» эконом,30,18490
2371,Дезодорант «Мегаполис»,30,20590
2372,Дезодорант «Парма»,30,42090
2373,Дезодорант «Парма» эконом,30,25890
2374,Дезодорант «Приволжье» большая упаковка,30,20590
2375,Дезодорант «Родные просторы»,30,16690
2376,Дезодорант «Северная ферма»,30,12990
2377,Дезодорант «Семейный выбор»,30,16090
2378,Дезодорант «Семейный выбор» мини,30,25990
2379,Дезодорант «Семейный выбор» эконом,30,35190
2380,Дезодорант «Солнечный день» мини,30,20490
2381,Дезодорант «Уральские зори» большая упаковка,30,43290
2382,Дезодорант «Уральские зори» фермерский,30,19390
2383,Зубная паста «Вкусная полка» большая упаковка,30,22990
2384,Зубная паста «Дары Сибири» большая упаковка,30,17090
2385,Зубная паста «Кама»,30,35390
2386,Зубная паста «Лугово»,30,52090
2387,Зубная паста «Лугово» премиум,30,13490
2388,Зубная паста «Отборное»,30,22090
2389,Зубная паста «Отборное» большая упаковка,30,38890
2390,Зубная паста «Отборное» эконом,30,15090
2391,Зубная паста «Родные просторы»,30,30490
2392,Зубная паста «Родные просторы» большая упаковка,30,38290
2393,Зубная паста «Своё»,30,25690
2394,Зубная паста «Северная ферма» мини,30,30290
2395,Зубная паста «Экономыч»,30,46290
2396,Зубная паста «Экономыч» эконом,30,49390
2397,Мыло «Белый берег»,30,24490
2398,Мыло «Белый берег» мини,30,20690
2399,Мыло «Золотая нива» премиум,30,18090
2400,Мыло «Лугово»,30,35190
2401,Мыло «Мегаполис»,30,15490
2402,Мыло «Премиум Лайн» премиум,30,22890
2403,Мыло «Приволжье»,30,25890
2404,Мыло «Приволжье» премиум,30,20990
2405,Мыло «Солнечный день» мини,30,27590
2406,Мыло «Солнечный день» фермерский,30,61290
2407,Мыло «Уральские зори»,30,23990
2408,Шампунь «Вкусная полка»,30,21490
2409,Шампунь «Вкусная полка» премиум,30,35690
2410,Шампунь «Дары Сибири» мини,30,27190
2411,Шампунь «Добрый край» большая упаковка,30,41390
2412,Шампунь «Кама»,30,26490
2413,Шампунь «Парма» большая упаковка,30,22890
2414,Шампунь «Приволжье» премиум,30,13390
2415,Шампунь «Родные просторы» мини,30,14190
2416,Шампунь «Родные просторы» премиум,30,13090
2417,Шампунь «Родные просторы» фермерский,30,28490
2418,Шампунь «Своё» мини,30,15490
2419,Шампунь «Солнечный день» эконом,30,38790
2420,Шампунь «Экономыч» большая упаковка,30,25290
2421,Шампунь «Экономыч» премиум,30,22990
2422,Бумажные полотенца «Вкусная полка»,31,29990
2423,Бумажные полотенца «Добрый край» премиум,31,23790
2424,Бумажные полотенца «Золотая нива»,31,20090
2425,Бумажные полотенца «Кама»,31,16090
2426,Бумажные полотенца «Кама» фермерский,31,20190
2427,Бумажные полотенца «Лугово» мини,31,17890
2428,Бумажные полотенца «Лугово» фермерский,31,14290
2429,Бумажные полотенца «Приволжье» эконом,31,18790
2430,Бумажные полотенца «Родные просторы» фермерский,31,19790
2431,Бумажные полотенца «Родные просторы» эконом,31,15790
2432,Бумажные полотенца «Своё»,31,24690
2433,Бумажные полотенца «Северная ферма»,31,28290
2434,Бумажные полотенца «Солнечный день»,31,25290
2435,Бумажные полотенца «Уральские зори»,31,16290
2436,Бумажные полотенца «Уральские зори» премиум,31,23490
2437,Бумажные полотенца «Утро» премиум,31,18490
2438,Бумажные полотенца «Экономыч»,31,11690
2439,Ватные диски «Белый берег»,31,22790
2440,Ватные диски «Вкусная полка»,31,18890
2441,Ватные диски «Дары Сибири»,31,44590
2442,Ватные диски «Добрый край» большая упаковка,31,29990
2443,Ватные диски «Лугово» мини,31,23090
2444,Ватные диски «Мегаполис»,31,19590
2445,Ватные диски «Отборное»,31,19090
2446,Ватные диски «Парма» фермерский,31,12690
2447,Ватные диски «Премиум Лайн»,31,9790
2448,Ватные диски «Премиум Лайн» большая упаковка,31,13290
2449,Ватные диски «Родные просторы»,31,17690
2450,Ватные диски «Своё»,31,8590
2451,Ватные диски «Своё» премиум,31,14890
2452,Ватные диски «Северная ферма»,31,16490
2453,Ватные диски «Семейный выбор» большая упаковка,31,16690
2454,Ватные диски «Семейный выбор» эконом,31,14290
2455,Ватные диски «Уральские зори»,31,15990
2456,Ватные диски «Экономыч» фермерский,31,32890
2457,Салфетки «Белый берег»,31,22690
2458,Салфетки «Вкусная полка»,31,14790
2459,Салфетки «Кама» мини,31,17590
2460,Салфетки «Лугово» эконом,31,17790
2461,Салфетки «Парма» мини,31,13790
2462,Салфетки «Премиум Лайн» большая упаковка,31,13790
2463,Салфетки «Родные просторы» большая упаковка,31,25590
2464,Салфетки «Родные просторы» эконом,31,15490
2465,Салфетки «Своё»,31,12290
2466,Салфетки «Северная ферма» большая упаковка,31,17690
2467,Салфетки «Уральские зори»,31,18790
2468,Салфетки «Уральские зори» большая упаковка,31,8990
2469,Салфетки «Экономыч» фермерский,31,17690
2470,Туалетная бумага «Белый берег» большая упаковка,31,24390
2471,Туалетная бумага «Добрый край» большая упаковка,31,21090
2472,Туалетная бумага «Золотая нива» фермерский,31,39290
2473,Туалетная бумага «Золотая нива» эконом,31,27890
2474,Туалетная бумага «Кама»,31,29890
2475,Туалетная бумага «Отборное» премиум,31,47990
2476,Туалетная бумага «Парма» большая упаковка,31,23490
2477,Туалетная бумага «Премиум Лайн»,31,19090
2478,Туалетная бумага «Приволжье» мини,31,25290
2479,Туалетная бумага «Приволжье» эконом,31,14790
2480,Туалетная бумага «Родные просторы»,31,18690
2481,Туалетная бумага «Родные просторы» эконом,31,14290
2482,Туалетная бумага «Семейный выбор»,31,20690
2483,Туалетная бумага «Семейный выбор» мини,31,14290
2484,Туалетная бумага «Уральские зори» большая упаковка,31,14190
2485,Туалетная бумага «Утро»,31,20790
2486,Туалетная бумага «Утро» премиум,31,17190
2487,Туалетная бумага «Утро» эконом,31,9190
2488,Кастрюля «Кама»,32,59290
2489,Кастрюля «Лугово» премиум,32,68790
2490,Кастрюля «Отборное» мини,32,36290
2491,Кастрюля «Парма»,32,37490
2492,Кастрюля «Парма» фермерский,32,41390
2493,Кастрюля «Северная ферма» премиум,32,42790
2494,Контейнер «Добрый край»,32,31590
2495,Контейнер «Мегаполис»,32,70090
2496,Контейнер «Парма» большая упаковка,32,61290
2497,Контейнер «Парма» мини,32,40390
2498,Контейнер «Приволжье» мини,32,56290
2499,Контейнер «Своё» фермерский,32,48690
2500,Контейнер «Солнечный день» эконом,32,57890
2501,Контейнер «Уральские зори»,32,28090
2502,Контейнер «Экономыч»,32,42790
2503,Кружка «Кама»,32,44090
2504,Кружка «Кама» премиум,32,55990
2505,Кружка «Кама» фермерский,32,36090
2506,Кружка «Премиум Лайн»,32,18790
2507,Кружка «Премиум Лайн» мини,32,30790
2508,Кружка «Приволжье»,32,43990
2509,Кружка «Приволжье» премиум,32,45990
2510,Кружка «Северная ферма» мини,32,81090
2511,Кружка «Семейный выбор»,32,55190
2512,Кружка «Экономыч»,32,46290
2513,Сковорода «Белый берег» фермерский,32,44490
2514,Сковорода «Дары Сибири»,32,66190
2515,Сковорода «Дары Сибири» мини,32,36590
2516,Сковорода «Добрый край» большая упаковка,32,42790
2517,Сковорода «Кама»,32,30690
2518,Сковорода «Отборное» большая упаковка,32,73890
2519,Сковорода «Приволжье» большая упаковка,32,51590
2520,Сковорода «Родные просторы»,32,35090
2521,Сковорода «Солнечный день» большая упаковка,32,43190
2522,Сковорода «Солнечный день» фермерский,32,53790
2523,Тарелка «Белый берег»,32,41190
2524,Тарелка «Вкусная полка» большая упаковка,32,37290
2525,Тарелка «Дары Сибири»,32,35790
2526,Тарелка «Дары Сибири» большая упаковка,32,50690
2527,Тарелка «Кама»,32,39690
2528,Тарелка «Лугово»,32,38390
2529,Тарелка «Лугово» эконом,32,28190
2530,Тарелка «Мегаполис» премиум,32,46190
2531,Тарелка «Парма»,32,42190
2532,Тарелка «Премиум Лайн»,32,40190
2533,Тарелка «Родные просторы» фермерский,32,48190
2534,Тарелка «Семейный выбор» мини,32,58490
2535,Тарелка «Утро» большая упаковка,32,57490
2536,Губки «Белый берег» большая упаковка,33,12690
2537,Губки «Белый берег» мини,33,16290
2538,Губки «Дары Сибири»,33,20690
2539,Губки «Дары Сибири» мини,33,9690
2540,Губки «Золотая нива» премиум,33,18690
2541,Губки «Отборное» большая упаковка,33,32290
2542,Губки «Отборное» мини,33,28090
2543,Губки «Парма»,33,15490
2544,Губки «Премиум Лайн»,33,11690
2545,Губки «Своё»,33,22290
2546,Губки «Северная ферма» мини,33,8390
2547,Губки «Семейный выбор» мини,33,27990
2548,Пакеты для заморозки «Дары Сибири» премиум,33,17590
2549,Пакеты для заморозки «Добрый край»,33,36090
2550,Пакеты для заморозки «Золотая нива»,33,10390
2551,Пакеты для заморозки «Кама» премиум,33,26190
2552,Пакеты для заморозки «Лугово» большая упаковка,33,18290
2553,Пакеты для заморозки «Отборное» эконом,33,16890
2554,Пакеты для заморозки «Парма»,33,11790
2555,Пакеты для заморозки «Приволжье» мини,33,23390
2556,Пакеты для заморозки «Семейный выбор»,33,24090
2557,Пакеты для заморозки «Солнечный день»,33,35490
2558,Пакеты для заморозки «Экономыч»,33,26990
2559,Пакеты для заморозки «Экономыч» эконом,33,15390
2560,Плёнка пищевая «Вкусная полка» эконом,33,13390
2561,Плёнка пищевая «Добрый край» эконом,33,11790
2562,Плёнка пищевая «Мегаполис» премиум,33,31790
2563,Плёнка пищевая «Отборное» премиум,33,14490
2564,Плёнка пищевая «Премиум Лайн» большая упаковка,33,31890
2565,Плёнка пищевая «Родные просторы»,33,22790
2566,Плёнка пищевая «Северная ферма» премиум,33,21290
2567,Плёнка пищевая «Уральские зори» премиум,33,17090
2568,Плёнка пищевая «Утро»,33,23890
2569,Фольга «Вкусная полка»,33,18890
2570,Фольга «Дары Сибири» большая упаковка,33,16690
2571,Фольга «Добрый край»,33,24190
2572,Фольга «Золотая нива»,33,18090
2573,Фольга «Кама» большая упаковка,33,14390
2574,Фольга «Лугово»,33,23390
2575,Фольга «Мегаполис» фермерский,33,18590
2576,Фольга «Мегаполис» эконом,33,22490
2577,Фольга «Парма»,33,16190
2578,Фольга «Премиум Лайн»,33,12390
2579,Фольга «Премиум Лайн» фермерский,33,34890
2580,Фольга «Семейный выбор»,33,32590
2581,Фольга «Семейный выбор» фермерский,33,25890
2582,Фольга «Уральские зори»,33,16590
2583,Фольга «Уральские зори» эконом,33,17090
2584,Корм для кошек «Добрый край»,34,30690
2585,Корм для кошек «Мегаполис» эконом,34,25890
2586,Корм для кошек «Отборное»,34,16490
2587,Корм для кошек «Отборное» фермерский,34,44690
2588,Корм для кошек «Приволжье»,34,26690
2589,Корм для кошек «Родные просторы»,34,23490
2590,Корм для кошек «Родные просторы» большая упаковка,34,30790
2591,Корм для кошек «Солнечный день»,34,21190
2592,Корм для кошек «Утро» премиум,34,27390
2593,Корм для кошек «Утро» фермерский,34,15690
2594,Корм для кошек «Экономыч» большая упаковка,34,37990
2595,Корм для кошек «Экономыч» фермерский,34,25090
2596,Корм для собак «Белый берег»,34,38990
2597,Корм для собак «Дары Сибири» премиум,34,24190
2598,Корм для собак «Золотая нива» эконом,34,24790
2599,Корм для собак «Лугово» премиум,34,16990
2600,Корм для собак «Лугово» эконом,34,33890
2601,Корм для собак «Отборное» эконом,34,19090
2602,Корм для собак «Семейный выбор»,34,21890
2603,Корм для собак «Утро» фермерский,34,25990
2604,Корм для собак «Экономыч»,34,27090
2605,Корм для собак «Экономыч» фермерский,34,14290
2606,Лакомство для собак «Вкусная полка» фермерский,34,23990
2607,Лакомство для собак «Мегаполис» большая упаковка,34,34290
2608,Лакомство для собак «Мегаполис» эконом,34,22790
2609,Лакомство для собак «Отборное» премиум,34,23990
2610,Лакомство для собак «Парма»,34,27490
2611,Лакомство для собак «Парма» фермерский,34,24890
2612,Лакомство для собак «Парма» эконом,34,18090
2613,Лакомство для собак «Премиум Лайн» мини,34,25690
2614,Лакомство для собак «Приволжье» большая упаковка,34,36790
2615,Лакомство для собак «Родные просторы»,34,17990
2616,Лакомство для собак «Северная ферма» эконом,34,22790
2617,Лакомство для собак «Семейный выбор» премиум,34,15990
2618,Лакомство для собак «Солнечный день» премиум,34,36090
2619,Лакомство для собак «Утро»,34,25190
2620,Лакомство для собак «Экономыч»,34,19290
2621,Лакомство для собак «Экономыч» мини,34,26890
2622,Лакомство для собак «Экономыч» эконом,34,17090
2623,Наполнитель «Вкусная полка» большая упаковка,34,18090
2624,Наполнитель «Дары Сибири» фермерский,34,15590
2625,Наполнитель «Добрый край»,34,17890
2626,Наполнитель «Добрый край» премиум,34,41790
2627,Наполнитель «Добрый край» фермерский,34,20090
2628,Наполнитель «Золотая нива»,34,30590
2629,Наполнитель «Лугово» большая упаковка,34,19390
2630,Наполнитель «Мегаполис»,34,33890
2631,Наполнитель «Отборное» фермерский,34,18190
2632,Наполнитель «Парма» большая упаковка,34,26390
2633,Наполнитель «Парма» эконом,34,26490
2634,Наполнитель «Премиум Лайн» премиум,34,58690
2635,Наполнитель «Своё»,34,32390
2636,Наполнитель «Северная ферма» мини,34,21090
2637,Наполнитель «Солнечный день» мини,34,32990
2638,Наполнитель «Уральские зори»,34,54990
2639,Наполнитель «Утро» премиум,34,14690
2640,Наполнитель «Экономыч» фермерский,34,19390
2641,Батарейки «Вкусная полка» премиум,35,30890
2642,Батарейки «Дары Сибири»,35,25490
2643,Батарейки «Лугово» премиум,35,32390
2644,Батарейки «Лугово» эконом,35,43890
2645,Батарейки «Премиум Лайн» мини,35,35390
2646,Батарейки «Приволжье»,35,39490
2647,Батарейки «Родные просторы» премиум,35,49790
2648,Батарейки «Семейный выбор» мини,35,56990
2649,Батарейки «Экономыч»,35,34990
2650,Батарейки «Экономыч» мини,35,27090
2651,Зарядное устройство «Кама»,35,40090
2652,Зарядное устройство «Мегаполис» большая упаковка,35,45990
2653,Зарядное устройство «Парма» эконом,35,23390
2654,Зарядное устройство «Приволжье»,35,28590
2655,Зарядное устройство «Северная ферма» премиум,35,30290
2656,Зарядное устройство «Северная ферма» фермерский,35,36290
2657,Зарядное устройство «Семейный выбор» фермерский,35,29890
2658,Зарядное устройство «Уральские зори» премиум,35,49990
2659,Зарядное устройство «Уральские зори» эконом,35,22190
2660,Зарядное устройство «Утро» большая упаковка,35,22390
2661,Зарядное устройство «Экономыч» мини,35,34690
2662,Зарядное устройство «Экономыч» премиум,35,36690
2663,Зарядное устройство «Экономыч» фермерский,35,23390
2664,Лампочка светодиодная «Белый берег» большая упаковка,35,31490
2665,Лампочка светодиодная «Белый берег» премиум,35,33890
2666,Лампочка светодиодная «Дары Сибири»,35,33990
2667,Лампочка светодиодная «Дары Сибири» премиум,35,41090
2668,Лампочка светодиодная «Добрый край»,35,30890
2669,Лампочка светодиодная «Золотая нива» премиум,35,65390
2670,Лампочка светодиодная «Кама» эконом,35,46290
2671,Лампочка светодиодная «Мегаполис» фермерский,35,29390
2672,Лампочка светодиодная «Отборное»,35,40290
2673,Лампочка светодиодная «Отборное» фермерский,35,40690
2674,Лампочка светодиодная «Северная ферма»,35,59690
2675,Лампочка светодиодная «Северная ферма» премиум,35,31590
2676,Лампочка светодиодная «Семейный выбор» премиум,35,50990
2677,Лампочка светодиодная «Утро»,35,39590
2678,Лампочка светодиодная «Утро» фермерский,35,65690
2679,Удлинитель «Добрый край» большая упаковка,35,61290
2680,Удлинитель «Золотая нива» большая упаковка,35,41790
2681,Удлинитель «Мегаполис»,35,35590
2682,Удлинитель «Парма» мини,35,46590
2683,Удлинитель «Приволжье»,35,36590
2684,Удлинитель «Северная ферма»,35,70190
2685,Удлинитель «Северная ферма» премиум,35,40090
2686,Удлинитель «Семейный выбор» большая упаковка,35,33790
2687,Удлинитель «Уральские зори»,35,33190
2688,Удлинитель «Экономыч» эконом,35,25490
